""	"Accius"	"Ennius"	"Livius"	"Naevius"	"Pacuvius"
"uultus"	2	0	0	0	1
"uulnus"	2	1	0	0	0
"uulgus"	2	0	0	0	1
"utor"	3	1	0	0	1
"utiquam"	0	1	0	0	0
"utinam"	1	3	0	0	1
"uter3"	0	0	0	0	2
"ut4"	22	7	0	2	17
"ut1"	9	1	1	3	7
"usurpo"	0	1	0	0	0
"usura"	1	0	0	0	0
"usque"	1	0	0	0	0
"usquam"	0	0	0	0	1
"uruo"	0	1	0	0	0
"urbs"	4	1	0	0	0
"uox"	3	0	0	0	1
"uos"	3	2	2	2	4
"uorsabilis"	1	0	0	0	0
"uoluptas"	0	0	0	0	1
"uoluo"	3	0	0	0	1
"uolucris"	0	0	0	1	0
"uolucer"	0	0	0	0	1
"uolo?"	0	1	0	0	0
"uolo3"	6	1	0	0	3
"uolo2"	0	2	0	0	0
"uolo"	0	0	0	1	0
"uolatilis"	1	0	0	0	0
"uoco"	0	2	0	0	0
"unus"	1	0	0	0	1
"unicus"	2	0	0	0	0
"ungulus"	0	0	0	0	1
"unguleus"	0	0	0	0	1
"ungula"	1	0	0	0	0
"undo"	1	1	0	0	0
"undique"	0	0	0	0	1
"unde2"	3	2	0	0	1
"unde1"	1	1	0	0	2
"unda"	6	0	0	0	1
"unanimitas"	0	0	0	0	1
"umquam"	3	1	0	0	1
"ultro"	2	1	0	0	0
"ultor"	1	0	0	0	0
"ullus"	4	1	0	0	1
"ulciscor"	0	0	0	0	3
"uiuo"	0	2	0	0	0
"uitium"	1	0	0	0	0
"uitisator"	1	0	0	0	0
"uitalis"	0	1	0	0	0
"uita"	5	6	0	0	3
"uiscus1"	1	0	0	0	0
"uisceratim"	0	1	0	0	0
"uis"	9	3	0	0	5
"uirtus"	3	3	0	0	2
"uirilis"	1	0	0	0	1
"uirido"	1	0	0	0	0
"uirgo"	1	1	0	1	0
"uir"	7	2	0	0	3
"uiperinus"	1	0	0	0	0
"uinco"	6	0	0	0	0
"uigilo"	1	0	0	0	0
"uigiles"	0	1	0	0	0
"uigeo"	0	0	0	0	1
"uidua"	0	1	0	0	0
"uideo"	13	6	0	3	5
"uictoria"	0	1	0	0	0
"uicissitudo"	1	0	0	0	0
"uicis"	2	0	0	0	0
"uia"	1	1	0	1	2
"uetustus"	1	0	0	0	0
"uetustas"	1	0	0	0	0
"uetus"	1	0	0	0	0
"ueto"	0	0	0	0	1
"uestitus1"	1	0	0	0	0
"uester"	1	2	0	0	2
"uescor"	3	0	0	0	2
"uerus"	1	1	0	0	0
"ueru"	1	0	0	0	0
"uertex"	2	0	0	0	1
"uerrunco"	0	0	0	0	1
"uero3"	1	0	0	0	0
"ueritas"	1	0	0	0	0
"uereor"	1	0	0	0	4
"uerecunde"	0	1	0	0	0
"uerbum"	2	1	0	0	1
"uerbena"	1	0	0	0	0
"uenum"	0	0	0	0	1
"uentus"	2	1	0	0	2
"uenor"	1	0	0	0	0
"uenio"	1	1	0	0	0
"uenia"	0	0	0	0	1
"uenenum"	2	0	0	0	1
"uenatus"	0	0	0	1	0
"uena"	1	0	0	0	0
"uelum"	1	0	0	0	0
"uello"	1	0	0	0	0
"ueliuolus"	0	1	0	0	0
"uel2"	1	0	0	0	1
"ueho"	0	1	0	0	0
"uecors"	1	0	0	0	1
"ue"	1	1	0	0	2
"ubicumque1"	0	0	0	0	1
"ubi3"	7	3	0	1	1
"ubi2"	5	0	0	0	2
"ubi1"	1	0	0	1	1
"uastus"	0	2	0	0	0
"uastitudo"	3	0	0	0	1
"uastitas"	1	0	0	0	0
"uastesco"	1	0	0	0	0
"uarie"	0	0	0	0	1
"uapor"	3	0	0	0	1
"uanus"	1	0	0	0	0
"uanitudo"	0	0	0	0	1
"ualuae"	1	0	0	0	1
"ualidus"	0	1	0	0	0
"ualeo"	0	1	0	0	0
"ualentia"	0	0	0	1	0
"uagus"	2	0	0	0	0
"uagor2"	2	0	0	0	2
"uago"	1	0	0	0	0
"uado2"	2	0	0	0	0
"uacuus"	0	0	0	0	1
"uaco"	0	1	0	0	0
"ua"	0	0	0	0	1
"tuus"	17	4	0	2	7
"tutus"	0	0	0	0	1
"tutum"	1	0	0	0	0
"tutor2"	1	0	0	0	0
"tuto?"	0	0	0	1	0
"tutela"	0	0	0	0	1
"turpo"	0	1	0	0	0
"turpis"	1	0	0	0	0
"turpassus"	0	0	0	0	1
"turbo2"	1	0	0	0	0
"turbo1"	2	0	0	0	1
"turbidus"	2	0	0	0	0
"tunc"	1	0	0	0	0
"tumulus"	1	0	0	0	0
"tumultus"	0	1	0	0	0
"tum"	0	3	1	0	0
"tueor"	1	0	0	0	2
"tu"	51	18	0	1	37
"trux"	0	0	0	0	1
"tristitas"	0	0	0	0	1
"tristis"	1	0	0	0	1
"tripudio"	1	0	0	0	0
"triplex"	0	0	0	0	2
"tribuo"	1	0	0	0	0
"trepido"	0	0	0	0	1
"transtrus"	0	0	0	1	0
"transmissus"	0	0	0	0	1
"transdo"	2	0	0	0	0
"traicio"	1	0	0	0	0
"traho"	1	0	0	0	1
"trado"	2	0	0	0	1
"tracto"	0	1	0	0	0
"trabs"	0	2	0	0	0
"tot"	2	0	0	0	0
"toruus"	1	0	0	0	2
"torrus"	1	0	0	0	0
"torris"	1	0	0	0	0
"torreo"	0	1	0	0	0
"torrens1"	0	0	0	0	1
"torqueo"	1	0	0	0	1
"tonsus"	1	0	0	0	0
"tonsilla"	1	0	0	0	1
"tono"	1	0	0	0	0
"tonitrus"	1	0	0	0	1
"tollo"	0	1	0	1	0
"tolero"	2	0	1	0	0
"timus"	0	0	0	1	0
"timor"	1	0	0	0	0
"timidus"	2	1	0	0	0
"timiditas"	0	0	0	0	1
"thyrsiger"	0	0	0	1	0
"texo"	1	0	0	0	0
"tetritiduda"	1	0	0	0	0
"teter"	3	0	0	0	0
"testudo"	0	0	0	0	1
"testis1"	1	0	0	0	0
"tesca"	1	0	0	0	0
"tertius"	0	0	1	0	0
"territo"	0	0	0	0	1
"terriculum"	2	0	0	0	0
"terribilis"	0	1	0	0	0
"terra"	4	6	1	0	4
"tero"	1	0	0	0	0
"tento"	0	0	0	0	1
"tengo"	0	0	0	0	1
"teneo"	3	0	0	0	1
"tenebricus"	0	0	0	0	1
"tenebrae"	1	0	0	0	1
"tendo"	3	0	0	0	0
"tenax"	0	1	0	0	0
"tempus1"	1	0	0	0	1
"tempus"	1	0	0	0	0
"templum"	3	4	1	0	2
"tempestas"	0	0	0	0	1
"temo"	0	1	0	0	0
"temeritudo"	0	0	0	0	1
"temeriter"	1	0	0	0	0
"temere"	1	0	0	0	0
"telum"	2	0	0	0	0
"tectum"	2	1	0	0	0
"tardus"	2	1	0	0	0
"tardities"	1	0	0	0	0
"tardigradus"	0	0	0	0	1
"tantus"	3	1	0	0	0
"tanto"	1	0	0	0	0
"tango"	0	0	0	0	1
"tandem"	0	1	0	0	1
"tamquam1"	0	0	0	0	1
"tamen"	3	0	0	1	5
"tam"	8	2	0	0	1
"talis"	1	0	0	0	1
"tago"	0	0	0	0	2
"taetre"	1	0	0	0	0
"taeda"	1	1	0	0	0
"tacite"	1	0	0	0	0
"taceo"	0	0	0	0	1
"tabum"	0	1	0	0	0
"tabificabilis"	1	0	0	0	0
"tabeo"	0	1	0	0	0
"suus"	9	4	0	2	1
"suum"	0	0	0	0	1
"suspicio1"	0	2	0	0	1
"suspensus"	0	0	0	0	1
"suspendo"	0	0	0	0	2
"suscito1"	1	0	0	0	0
"surgo"	0	0	0	0	1
"supra"	0	0	0	0	1
"suppus"	1	0	0	0	0
"supplicium"	1	0	0	0	0
"suppeto"	0	0	0	1	0
"superus"	7	7	0	0	2
"superstitiosus"	0	0	0	0	1
"supero"	0	2	0	0	0
"super2"	1	0	0	0	1
"suo"	0	0	0	0	1
"sumo"	0	0	0	1	0
"summum1"	1	0	0	0	0
"summa"	3	1	0	0	0
"sum1"	85	34	1	5	64
"sui1"	10	7	2	3	7
"sui"	1	1	0	0	1
"suffero"	1	0	0	0	0
"sudo"	0	1	0	0	0
"succussus"	0	0	0	0	1
"succusso"	1	0	0	0	0
"subter2"	2	0	0	0	0
"subsisto"	1	0	0	0	0
"subscus"	0	0	0	0	1
"sublimus1"	2	0	0	0	0
"sublimo"	0	1	0	0	0
"sublimis"	0	3	0	0	0
"sublimen"	0	1	0	0	0
"sublime1"	1	0	0	1	0
"subitus"	1	0	0	0	1
"subito"	0	0	0	0	1
"subinus"	0	0	0	0	1
"subigo"	1	0	0	0	0
"subiecto"	0	0	0	0	1
"subicio"	0	1	0	0	0
"subaxo"	0	0	0	0	1
"sub"	4	1	0	0	3
"suauiso"	0	0	0	1	0
"suauis"	1	0	0	0	0
"stuprum"	1	0	0	0	0
"stupidus"	1	0	0	0	0
"stupiditas"	1	0	0	0	0
"stupeo"	1	0	0	0	0
"studium"	1	0	0	0	1
"studiosus"	1	0	0	0	0
"stridor"	1	0	0	0	1
"strido"	0	0	0	0	1
"strepitus"	0	1	0	0	0
"strages"	1	0	0	0	0
"stolide"	0	1	0	0	0
"sto"	3	2	0	0	0
"stirps"	5	0	0	0	2
"stimulo"	1	0	0	0	0
"sterilis"	2	0	0	0	0
"stella"	1	2	0	0	0
"statura"	1	0	0	0	0
"statuo"	1	0	0	0	0
"stagnum1"	2	0	0	0	0
"stabulum"	1	0	0	0	3
"stabilimen"	1	0	0	0	0
"squama"	0	1	0	0	0
"squalitudo"	1	0	0	0	0
"squalitas"	1	0	0	0	0
"squales"	0	0	0	0	1
"squala"	0	1	0	0	0
"spumo"	0	1	0	0	0
"splendidus"	0	1	0	0	0
"splendeo"	1	0	0	0	0
"spisse"	0	0	0	0	1
"spiritus"	1	1	0	0	0
"spes"	3	0	0	0	0
"sperno"	1	1	0	0	0
"specus"	1	1	0	0	2
"spectus"	0	0	0	0	1
"specto"	0	1	0	0	0
"species"	2	0	1	0	0
"spatium"	0	0	0	0	1
"spargo2"	0	1	0	0	0
"sospito"	0	0	0	0	1
"sors"	1	0	0	0	0
"sordidus"	0	1	0	0	0
"sonus"	0	0	0	0	1
"sono1"	4	1	0	0	1
"sonitus"	2	2	0	1	1
"sonitum"	0	0	0	0	1
"sonio"	0	1	0	0	0
"somnus"	1	0	0	0	1
"solus"	0	0	0	1	2
"sollicitus"	0	0	0	0	2
"sollemniter"	0	0	1	0	0
"solitas"	1	0	0	0	0
"soleo"	0	0	0	0	1
"sol"	2	2	0	1	6
"socordia"	1	0	0	0	0
"socius1"	2	0	0	0	2
"siue2"	0	0	0	0	1
"sisto"	1	0	0	0	0
"sireus"	0	0	0	0	1
"sinus"	0	0	0	0	1
"sino"	2	0	0	0	1
"sine"	2	0	0	1	2
"sincere"	0	1	0	0	0
"sin"	0	1	0	0	0
"simul1"	4	0	0	0	1
"similitudo"	0	0	0	0	1
"siluicola"	1	0	0	0	0
"siluestrus"	1	0	0	0	0
"siluanus"	1	0	0	0	0
"silua"	1	0	0	0	0
"silesco"	0	0	0	0	1
"sileo"	1	0	0	0	0
"signum"	0	1	0	0	1
"signitenens"	0	1	0	0	0
"sicut1"	1	0	0	0	0
"sic"	1	2	0	0	0
"sibilus1"	0	0	0	0	1
"si2"	14	2	0	1	13
"si"	0	1	0	0	0
"sexus"	0	0	0	0	1
"seruo"	1	2	0	0	1
"seruio"	0	0	0	0	1
"sermo"	1	0	0	0	1
"serilis"	0	0	0	0	1
"sequor"	1	0	0	0	0
"sepulcrum"	1	1	0	0	0
"septem"	1	0	0	0	0
"sepelio"	0	0	0	0	2
"seorsum1"	1	0	0	0	0
"sentio"	3	1	0	0	2
"sententia"	0	0	0	0	1
"senium"	3	0	0	0	1
"senex2"	0	0	0	0	1
"senex1"	1	2	0	0	0
"seneo"	1	0	0	0	2
"senectus1"	0	1	0	0	2
"sempiter"	0	0	0	0	1
"semper"	2	1	0	0	1
"semita"	0	1	0	0	0
"semesus"	0	0	0	0	1
"semel"	0	1	0	0	0
"segrego"	1	0	0	0	1
"segnitas"	1	0	0	0	0
"seges"	2	0	0	0	0
"sedo"	0	0	0	0	1
"seditio"	0	1	0	0	0
"sedes"	2	0	1	0	0
"sedeo"	1	0	0	0	0
"sed"	12	7	0	1	7
"secus2"	1	0	0	0	0
"securis"	0	1	0	0	0
"sector2"	1	0	0	0	0
"scrutor"	0	1	0	0	0
"scruposus"	0	0	0	0	1
"scrupeus"	1	1	0	0	1
"scribo"	0	1	0	0	1
"scium"	0	0	0	0	1
"scisco"	1	0	0	0	1
"scio"	2	1	0	2	1
"scelus"	2	2	0	0	0
"scelestus"	0	1	0	0	0
"scatebra"	1	0	0	0	0
"scando"	0	0	0	0	1
"scabro"	0	1	0	0	0
"scabre"	0	0	0	0	1
"saxum"	9	3	0	0	4
"saxeus"	2	0	0	0	1
"saucius"	1	1	1	0	0
"satus1"	1	0	0	0	0
"sator"	0	0	0	0	1
"satis2"	5	0	0	0	2
"satis1"	1	0	0	0	0
"satis"	1	0	0	0	0
"satias"	1	0	0	0	1
"sapsus"	0	0	0	0	1
"sapio"	1	2	0	0	1
"sapientia"	0	1	0	0	1
"sapiens1"	0	1	0	0	1
"sanies"	0	1	0	0	1
"sanguis"	5	7	0	0	1
"sanctus"	2	0	0	0	0
"sanctitudo"	2	0	0	0	0
"sanctesco"	1	0	0	0	0
"salus"	1	0	0	0	0
"salueo"	0	2	0	0	2
"saltus2"	1	0	0	1	0
"saltus1"	0	1	0	0	0
"salsus"	4	1	0	0	0
"sagitta"	1	0	0	0	0
"saeuus"	3	2	0	0	3
"saeuiter"	1	2	0	0	0
"saeta"	1	0	0	0	0
"saeptuose"	0	0	0	0	1
"saepio"	0	1	0	0	0
"saepe"	4	1	0	0	2
"sacrum"	1	0	0	0	0
"ruspo"	1	0	0	0	0
"rursus"	0	1	0	0	1
"rupes"	1	0	0	0	0
"ruo"	1	0	0	0	0
"rumino"	0	0	1	0	0
"rudens"	0	0	0	0	1
"rubicundus"	0	0	0	0	1
"rostrum"	1	0	0	0	0
"rogo"	0	0	0	0	1
"robur"	0	0	0	0	1
"rimor"	0	0	0	0	1
"rietas"	0	0	0	0	1
"rex"	4	1	0	1	2
"reuoco"	1	0	0	0	0
"reuiso"	1	0	0	0	0
"reuertor"	1	0	0	0	0
"retro1"	0	0	0	0	1
"retineo"	0	0	0	0	1
"reticeo"	1	0	0	0	0
"reticentia"	0	0	0	0	1
"retardo"	1	0	0	0	0
"restum"	0	0	0	0	1
"restito"	0	1	0	0	0
"restibilio"	0	0	0	0	1
"responsum"	0	0	0	0	1
"respondeo"	0	0	0	0	2
"respergo"	1	0	0	0	0
"respecto"	0	1	0	0	0
"resono1"	1	0	0	0	2
"reses"	0	0	0	0	1
"res"	8	5	0	0	5
"rereor"	1	0	0	0	0
"requiesco"	0	1	0	0	0
"repugno"	0	0	0	0	1
"repudium"	0	0	0	0	2
"repudio"	0	1	0	0	0
"reprimo"	3	0	0	0	0
"repotialis"	0	0	0	0	1
"reporto"	0	0	0	0	1
"reperio"	1	0	0	0	0
"repente"	1	0	0	0	0
"reor"	1	0	0	0	1
"remus"	1	0	0	0	0
"remitto"	0	1	0	0	0
"reminiscor"	1	0	0	0	0
"remaneo"	1	0	0	0	0
"reliquiae"	0	0	0	0	1
"religio"	2	0	0	0	0
"reicio"	1	0	0	0	0
"regredior"	0	1	0	0	1
"rego"	0	0	0	0	1
"regnum"	4	0	0	0	6
"regius"	2	0	1	0	0
"regina"	2	0	0	0	1
"regimen"	0	1	0	0	0
"regificio"	0	1	0	0	0
"regia"	1	0	0	0	0
"regalis"	0	0	0	1	0
"refuto"	0	0	0	0	1
"refugio"	0	1	0	0	0
"reflo"	1	0	0	0	0
"refero"	4	0	0	0	0
"refello"	1	0	0	0	0
"reditus"	0	0	0	0	1
"redhostio"	1	0	0	0	0
"reddo"	1	2	0	0	0
"redamotruo"	0	0	0	0	1
"recuproco"	0	0	0	0	1
"rectus"	0	0	0	0	1
"recte"	1	1	0	0	0
"recordor"	1	0	0	0	1
"reciprocus"	1	0	0	0	0
"reciproco"	0	1	0	0	0
"recipio"	0	1	0	0	2
"recepto"	0	0	0	0	1
"reapsus"	0	0	0	0	1
"raudus"	1	0	0	0	0
"ratus"	1	0	0	0	0
"ratis"	0	0	0	0	1
"ratio"	3	0	0	0	0
"rarus"	1	0	0	0	0
"rarenter"	0	1	0	0	0
"rapto"	0	1	0	0	0
"rapidus"	1	0	0	0	0
"rapide"	0	0	0	0	1
"rado"	1	0	0	0	0
"radix"	1	0	0	0	0
"radio"	1	0	0	0	0
"quot2"	1	0	0	0	0
"quorsum"	0	0	0	0	2
"quoque"	0	0	0	0	1
"quondam"	0	0	0	1	0
"quonam"	0	0	0	0	1
"quod2"	2	1	0	0	2
"quod1"	2	0	0	0	0
"quo5"	1	1	0	0	0
"quo3"	1	2	0	0	1
"quiuis"	1	0	0	0	2
"quisquis1"	0	0	0	0	1
"quisque2"	1	0	0	1	0
"quisquam"	9	1	0	0	3
"quisnam"	1	1	0	0	2
"quis2"	5	2	0	1	3
"quis1"	23	16	0	1	23
"quis"	1	1	0	0	1
"quin2"	2	1	0	0	0
"quin1"	0	0	1	1	0
"quietus"	1	0	0	0	0
"quiesco"	0	1	0	0	0
"quidam"	2	0	0	0	0
"quicumque1"	1	0	0	0	0
"quianam"	1	0	0	0	0
"quia"	1	1	0	0	0
"qui2"	0	0	0	0	1
"qui1"	58	41	1	4	59
"qui"	0	1	0	0	1
"questus"	1	0	0	0	0
"queo"	4	1	0	0	3
"quemadmodum2"	1	0	0	0	0
"que"	24	7	2	1	28
"quassus1"	0	0	0	0	1
"quasi1"	0	1	0	1	0
"quare2"	0	0	0	0	1
"quaque"	0	0	0	1	0
"quantus2"	2	1	0	0	0
"quantus"	0	0	0	0	1
"quantum2"	1	0	0	0	0
"quantum1"	0	0	0	0	1
"quanto1"	1	0	0	0	0
"quando2"	0	0	0	0	2
"quamquam2"	0	0	0	0	3
"quam2"	1	0	0	0	0
"quam1"	9	6	0	0	9
"qualis2"	2	0	0	0	0
"quaero"	3	1	0	0	2
"quadrupes1"	2	1	0	1	1
"quadrupedans?"	0	1	0	0	0
"quadringenti"	0	1	0	0	0
"quadriiugus"	0	1	0	0	0
"qua1"	1	0	0	0	0
"putro"	0	0	0	0	1
"puto"	1	1	0	0	2
"purus"	0	2	0	0	0
"puluis"	0	0	0	0	1
"pulsus"	0	1	0	0	0
"pulchrus"	1	0	0	0	0
"pugno"	0	1	0	0	0
"pugna"	0	0	0	1	1
"puer"	2	1	0	0	0
"pudor"	0	1	0	0	2
"pudeo"	3	0	0	0	1
"publicus2"	1	1	0	0	0
"pu"	0	1	0	0	0
"pruina"	0	0	0	0	1
"prouoco"	1	0	0	0	0
"proteruus"	0	0	0	0	1
"proteruitas"	0	0	0	0	1
"prosum1"	1	1	0	0	1
"prosper"	0	0	0	0	1
"prospectus"	1	1	0	0	1
"prorsus2"	0	1	0	0	0
"proripio"	1	0	0	0	0
"propterea"	0	1	0	0	0
"propter2"	1	3	0	0	0
"proprius"	2	0	0	0	0
"proprie"	1	0	0	0	0
"propitio"	0	0	0	0	1
"propinquitas"	0	0	0	0	1
"propigo"	1	0	0	0	0
"propero"	1	0	0	0	0
"properiter"	1	0	0	0	1
"propere"	0	0	0	0	1
"propemodum"	1	0	0	0	1
"prope1"	2	0	0	0	2
"propago2"	1	0	0	0	2
"promptus1"	1	0	0	0	0
"promontorium"	0	0	0	0	1
"promitto"	0	0	0	0	1
"promeritum"	0	0	0	0	1
"promereo"	0	0	0	0	1
"prolubium"	1	0	0	0	0
"proloquor"	0	1	0	0	1
"prolixitudo"	0	0	0	0	1
"prolicio"	0	0	0	0	1
"prolabor2"	1	0	0	0	0
"proinde"	2	0	0	1	0
"proicio"	0	0	0	0	1
"prohibeo"	1	1	0	0	1
"prognatus"	0	0	0	1	0
"profundus"	0	0	0	0	1
"profundum"	1	0	0	0	0
"profundo2"	0	0	0	0	1
"profor"	0	0	0	0	2
"proficiscor"	1	0	0	0	0
"profero"	1	2	0	0	0
"profecto"	1	0	0	0	1
"profectio"	0	0	0	0	1
"proelior"	0	1	0	0	0
"prodo"	1	0	0	0	0
"prodigium"	2	0	0	0	1
"procul"	0	2	0	0	0
"procreo"	0	0	0	0	2
"proco"	0	0	1	0	0
"procerus"	0	0	0	0	1
"procer"	1	0	0	0	0
"procella"	1	0	0	0	0
"procedo1"	1	1	0	0	0
"probus"	2	0	0	0	0
"probrum"	2	0	0	1	0
"probo"	1	0	0	0	0
"probito"	0	0	0	0	1
"probitas"	0	0	0	0	1
"proauus"	0	1	0	0	0
"pro2"	1	0	0	0	0
"pro1"	5	2	0	2	3
"prius"	1	3	0	0	4
"pristinus"	1	0	0	0	0
"principium"	2	0	0	0	0
"primus"	1	0	0	0	0
"primum"	0	0	0	0	2
"primores"	1	0	0	0	0
"primordium"	0	0	0	0	1
"primo"	1	0	0	0	0
"prex"	0	0	0	0	1
"pretium"	0	0	0	1	0
"precor"	0	0	0	0	1
"prauus"	1	0	0	0	0
"praue"	1	0	0	0	0
"praeter2"	0	1	0	1	0
"praesum1"	1	0	0	0	0
"praesto2"	4	0	0	0	0
"praesidium"	0	1	0	0	1
"praesens"	1	0	0	1	0
"praepedio"	1	0	0	0	0
"praemium"	2	0	0	0	1
"praegrandis"	0	0	0	0	1
"praegrado"	0	0	0	0	1
"praeditus"	1	0	0	0	0
"praedico2"	0	0	0	0	1
"praedico1"	2	0	0	0	0
"praeda"	1	0	1	0	0
"praeclarus"	1	0	0	0	0
"praecipito"	0	0	0	0	1
"praecido2"	1	0	0	0	0
"praeceps2"	0	0	0	0	1
"prae2"	2	0	0	0	0
"poto"	0	0	0	0	1
"potius"	1	0	0	0	0
"potis"	2	0	0	0	1
"potior"	1	0	0	1	2
"potestas"	1	0	0	0	2
"potens"	1	0	0	0	0
"postulo"	1	0	0	0	1
"postquam"	1	0	0	0	3
"posterius"	1	0	0	0	0
"postea"	1	0	0	0	0
"post1"	0	0	0	0	1
"possum1"	6	2	0	0	5
"possideo"	2	0	0	0	0
"portus"	1	1	0	0	0
"portentum"	1	0	0	0	1
"porro"	0	0	0	0	2
"porceo"	1	1	0	0	1
"populus1"	0	0	0	0	1
"populus"	0	0	0	0	1
"populo"	1	0	0	0	1
"poplesco"	1	0	0	0	0
"pono"	1	0	0	0	0
"polliceor"	0	1	0	0	0
"plerus"	0	0	0	0	2
"plane"	1	0	0	0	0
"placo"	1	0	0	0	0
"placide"	0	0	0	1	0
"piscis"	0	0	0	0	1
"pinus"	1	0	0	0	0
"pinniger"	1	0	0	0	0
"pinna"	1	0	0	0	0
"pingo"	1	0	0	0	1
"pigro"	1	0	0	0	0
"piget"	2	0	0	0	2
"piger"	0	0	0	0	1
"pietas"	0	1	0	0	0
"pex"	0	0	0	0	1
"peto"	5	3	0	0	3
"pestis"	1	1	0	0	1
"pessumdo"	0	0	0	0	1
"peruiuo"	1	0	0	0	0
"peruicax"	2	0	0	0	0
"peruicacia"	1	0	0	0	0
"peruestigo"	0	0	0	0	1
"peruerse"	0	1	0	0	0
"pertolero"	1	0	0	0	0
"pertinax"	1	0	0	0	0
"pertinacia"	1	0	0	0	0
"pertimefacio"	0	0	0	0	1
"persuadeo"	1	0	0	0	0
"persequor"	0	0	0	0	1
"perrogito"	0	0	0	0	1
"perpetuo2"	0	0	0	0	1
"perpetro"	0	0	0	0	2
"perpetior"	0	0	0	0	1
"perpes"	0	0	0	0	2
"pernix"	1	0	0	0	0
"permulceo"	0	0	0	0	1
"permitto"	1	0	0	0	0
"permicies"	1	0	0	0	0
"perite"	1	0	0	0	0
"periculum"	1	0	0	0	0
"perhibeo"	0	0	0	0	1
"pergrandesco"	1	0	0	0	0
"pergo"	1	1	0	1	1
"perfrimo"	1	0	0	0	0
"perfero"	1	0	0	0	0
"perfacile"	1	0	0	0	0
"pereo1"	1	0	0	0	1
"perdolisco"	1	0	0	0	0
"perdo"	0	1	0	0	3
"perditus"	0	0	0	0	1
"percutio"	0	0	0	0	1
"percito"	1	0	0	0	0
"percipio"	0	0	0	0	2
"percio"	0	0	0	0	1
"perbito"	0	1	0	0	1
"per"	5	3	1	0	4
"penuria"	0	0	0	0	1
"penitus2"	1	0	0	0	1
"pendeo"	0	1	0	0	0
"pello"	2	0	0	0	0
"pellis"	0	1	0	0	0
"pellicio"	0	0	0	0	1
"pedetentim"	0	0	0	0	1
"pecuus"	0	0	0	1	0
"pecus?"	1	0	0	0	0
"pecus2"	1	0	0	0	0
"pecus1"	0	0	1	0	1
"pecu"	2	0	0	0	0
"pectus"	3	1	0	0	2
"pecco"	1	0	0	0	0
"pauus"	0	0	0	1	1
"paupertas"	0	1	0	0	0
"pauperies"	0	1	0	0	0
"pauor"	2	1	0	0	1
"paulo"	1	0	0	0	0
"pauidus"	1	0	0	0	0
"paucus"	0	0	0	0	2
"patrius"	2	0	0	0	0
"patria"	2	3	0	1	3
"patior"	2	1	0	0	2
"paternus"	0	0	0	0	2
"pater"	7	3	0	1	8
"patagius"	0	0	0	1	0
"pastor"	1	1	0	0	0
"passim"	1	0	0	0	0
"pasco"	2	0	0	0	1
"parumper"	1	0	0	0	1
"parum1"	0	0	0	0	1
"partus1"	0	1	0	0	0
"partior"	0	0	1	0	0
"partio2"	0	1	0	0	0
"partim"	0	0	0	0	1
"particeps1"	0	0	1	0	0
"pars"	2	0	0	0	4
"paro2"	0	2	0	0	0
"pariter"	1	1	0	0	1
"pario2"	0	1	0	0	2
"paries"	0	1	0	0	0
"pareo"	0	1	1	0	0
"parens1"	1	1	0	0	2
"parco"	2	0	0	0	0
"paratus2"	1	0	0	0	0
"par2"	3	1	0	0	1
"pampinus"	1	0	0	0	0
"palam1"	0	0	0	0	1
"paenitudo"	0	0	0	0	1
"paeniteo"	0	0	0	0	1
"paeneo"	1	0	0	0	0
"paene"	0	0	0	0	1
"paedor"	1	0	0	0	0
"pactum"	1	0	0	1	1
"otium"	0	2	0	0	0
"otiosus"	0	1	0	0	0
"ostentum"	1	0	0	0	1
"ostento"	1	0	0	0	1
"ostendo"	2	0	0	0	1
"ossus"	0	0	0	0	1
"os2"	1	0	0	0	1
"os1"	2	1	0	0	0
"ortus"	1	0	0	0	0
"oro"	0	0	0	0	2
"orno"	1	0	0	0	0
"ordo"	0	1	0	0	1
"ordior"	1	0	0	0	0
"orcus"	0	1	0	0	0
"orbus"	1	1	0	0	0
"orbo"	0	0	0	0	1
"orbitudo"	1	0	0	0	1
"orbitas"	0	0	0	0	1
"orbificor"	1	0	0	0	0
"oratio"	0	2	0	1	3
"oraculum"	1	0	0	0	0
"opus2"	0	0	0	0	1
"opus1"	3	0	0	1	2
"opulentus"	0	3	0	0	0
"optumates"	0	1	0	0	0
"optabilis"	0	0	1	0	0
"ops"	2	3	0	0	1
"opprimo"	1	0	0	0	1
"oppidum"	0	1	0	0	1
"oppeto"	0	1	0	0	0
"opitulor"	0	0	0	0	1
"opinor"	0	1	0	0	0
"opinio"	1	0	0	0	0
"opimus"	1	0	0	0	0
"operio"	1	0	0	0	1
"opera"	1	0	0	0	3
"opaco"	0	0	0	0	1
"onero"	0	0	0	0	1
"on"	0	1	0	0	0
"omnis"	5	6	0	3	15
"omnipotens"	0	1	0	0	0
"omen"	3	0	0	0	1
"officium"	0	0	0	0	2
"offero"	4	0	0	0	2
"offendo"	0	0	0	0	1
"odi"	1	0	0	1	1
"oculus"	2	1	1	0	1
"ociter"	1	0	0	0	0
"oceanus1"	1	0	0	0	0
"occupo2"	3	1	1	0	2
"occultus"	1	0	0	0	0
"occultum"	1	0	0	0	1
"occulte"	1	0	0	0	1
"occistians"	0	0	0	0	1
"occido2"	0	0	0	0	3
"occido1"	0	0	0	0	1
"occasus"	0	0	0	0	1
"occasio"	1	0	0	0	0
"occaeco"	0	0	0	0	1
"obuo"	0	1	0	0	0
"obuiam"	1	0	0	0	0
"obuallo"	2	0	0	0	0
"obtueor"	2	0	0	0	0
"obtorqueo"	1	0	0	0	0
"obtexo"	1	0	0	0	0
"obtero"	0	0	0	1	0
"obtego"	1	0	0	0	0
"obsum1"	2	0	0	0	0
"obstupidus"	0	0	0	0	1
"obsto"	1	0	0	0	0
"obstinatus"	2	0	0	1	0
"obsidio"	0	1	0	0	0
"obsideo"	1	0	0	0	0
"obserus"	0	0	0	1	0
"obseruatio"	0	1	0	0	0
"obsecro"	3	0	0	0	0
"obscurus"	0	1	0	0	0
"obscuro"	0	1	0	0	0
"obscenus"	2	0	0	0	0
"obruo"	0	0	0	0	1
"obrigesco"	0	0	0	0	1
"oborior"	0	1	0	0	0
"obnuntio"	0	0	0	0	1
"obnoxius"	1	0	0	0	1
"obnoxiosus"	0	1	0	0	0
"obnecto"	1	0	0	0	0
"obliuiscor"	2	0	0	0	0
"oblittero"	1	0	0	0	0
"obligo2"	1	0	0	0	0
"oblecto"	1	0	0	0	0
"obiurgo"	0	1	0	0	0
"obiecto"	0	0	0	0	1
"obicio"	0	1	0	0	0
"obiaceo"	0	1	0	0	0
"obfirmo"	0	0	0	0	1
"obeo1"	1	1	0	0	0
"obediens"	1	0	0	0	0
"ob"	1	0	0	0	0
"o"	6	6	0	0	1
"nuptiae"	0	0	0	0	1
"nuntius1"	0	1	0	0	0
"nuncupo"	0	0	0	0	2
"nunc"	12	8	0	1	7
"numquam"	3	2	0	0	1
"numerus"	1	1	0	0	0
"numen"	1	0	0	0	0
"num"	1	0	0	0	1
"nullus"	3	0	0	0	0
"nudus"	1	0	0	0	0
"nudo"	0	0	0	0	1
"nubes"	0	0	0	0	1
"noxitudo"	1	0	0	0	0
"noxa"	1	0	0	0	0
"nox"	0	3	0	0	3
"nouus"	1	0	0	0	1
"nouem"	1	0	0	0	0
"notus2"	3	0	0	0	0
"noster"	2	0	0	1	4
"nosco"	0	0	0	0	1
"nos"	7	3	0	2	4
"nonne"	1	0	0	0	2
"non"	14	6	0	1	10
"nomus"	0	1	0	0	0
"nomino"	1	1	0	0	0
"nomen"	3	5	0	0	2
"nolo"	1	0	0	0	0
"nobilito"	1	0	0	0	1
"nobilitas"	2	0	0	0	0
"nix"	1	0	0	0	0
"niueus"	0	0	0	1	0
"nitor2"	1	1	0	0	1
"nitiditas"	1	0	0	0	0
"nisus"	1	0	0	0	1
"nisi"	6	0	0	0	6
"ningo"	1	0	0	0	0
"nimis"	0	0	0	0	1
"nimbus"	2	0	0	0	1
"nihil"	4	0	0	0	3
"nigro"	1	0	0	0	1
"niger"	0	0	0	0	1
"ni2"	1	0	0	0	4
"nex"	0	1	0	0	1
"neue2"	0	1	0	0	2
"nescio"	0	2	0	0	2
"nequiquam"	0	1	0	0	1
"nequeo"	1	0	0	0	0
"neque"	19	4	0	0	10
"nepa"	0	1	0	0	0
"nemo"	1	2	1	0	0
"negotium"	0	4	0	0	0
"nefas"	1	0	0	0	0
"necto"	1	0	0	0	0
"neco"	0	1	0	0	0
"nec2"	7	2	0	0	5
"ne4"	9	3	0	1	9
"ne3"	1	0	0	0	0
"ne2"	6	1	1	2	4
"nauis"	2	2	0	0	1
"natus?"	0	1	0	0	0
"natus1"	3	0	0	0	4
"natura"	3	0	0	0	1
"nata"	3	0	1	0	1
"nascor"	2	0	0	1	2
"nanciscor"	0	1	0	0	0
"namque"	2	0	0	0	0
"nam"	13	12	1	1	9
"mutus"	2	0	0	1	0
"mussares"	0	1	0	0	0
"murus"	1	0	0	0	0
"murmur"	0	0	0	0	1
"munero"	1	0	0	0	0
"multus"	9	5	0	0	2
"multum2"	0	1	0	0	0
"multum"	0	0	0	0	1
"multo2"	1	0	0	0	0
"multimodis"	0	0	0	0	1
"multi"	3	1	0	0	0
"mulier"	3	0	1	0	3
"muliebris"	1	0	0	0	1
"mulco"	1	0	0	0	0
"mos"	4	2	0	0	1
"mortualis"	0	0	0	1	0
"mortalis2"	2	0	0	0	0
"mortalis1"	2	1	0	0	0
"morsus"	1	0	0	0	0
"mors"	3	2	0	1	2
"moror1"	2	0	0	0	1
"morigeror"	1	0	0	0	0
"morbus"	0	1	0	0	0
"monstro"	0	1	0	0	0
"mons"	2	0	0	0	1
"moneo"	0	0	0	0	2
"mollitudo"	0	0	0	0	2
"mollis"	0	0	0	0	1
"mollio"	1	0	0	0	1
"molior"	1	0	0	0	0
"moles"	6	0	0	0	0
"moenia"	2	0	0	0	0
"modus"	0	1	0	0	0
"modo1"	2	1	0	0	1
"modicus"	1	0	0	0	0
"modice"	0	1	0	0	0
"modero"	1	0	0	0	1
"mitto"	1	0	0	1	1
"mitisco"	0	0	0	0	1
"mitis"	2	0	0	0	0
"mitesco"	0	0	0	0	1
"miseror"	2	0	0	0	0
"miseritudo"	2	0	0	0	0
"misericordia"	1	0	0	0	0
"miseria"	2	1	0	0	0
"misereor"	1	1	0	0	0
"misereo"	1	0	0	0	1
"miser"	5	4	0	0	3
"minuo"	2	0	0	0	1
"minor"	0	1	0	0	0
"minitabiliter"	0	0	0	0	1
"minae"	0	1	0	0	0
"militia"	0	1	0	0	0
"micans"	1	0	0	0	0
"meus"	14	9	1	0	9
"metus"	2	1	0	0	2
"metuo"	1	0	0	0	2
"mereor"	0	0	0	1	1
"meo"	0	0	0	1	0
"mensa"	1	0	0	0	0
"mens"	0	1	0	0	1
"memoro"	2	0	0	0	2
"memoria"	0	0	0	0	1
"memorabilis"	1	0	0	0	0
"memini"	0	0	0	1	0
"membrum"	2	1	0	0	0
"medium"	1	0	0	0	0
"mediocriter"	0	0	0	0	1
"mediocris"	1	0	0	0	0
"medicina"	1	0	0	0	0
"matutinus"	1	0	0	0	0
"maturo"	1	0	0	0	0
"matrona"	1	1	0	0	0
"matresco"	0	0	0	0	1
"maternus"	0	0	0	0	1
"mater"	2	1	0	0	3
"mare"	3	3	0	0	2
"manus1"	3	2	0	2	2
"manubiae"	0	0	0	1	0
"mansuetus"	1	0	0	0	0
"mansues"	1	0	0	0	0
"maneo"	1	0	0	0	2
"mane2"	0	0	0	0	1
"mando2"	2	0	0	0	1
"mamma"	0	0	0	0	1
"malus3"	3	1	0	0	1
"malus1"	0	1	0	0	0
"malum2"	1	0	0	0	0
"malum1"	4	5	0	0	0
"malo"	3	1	0	0	0
"malefactum"	0	0	0	0	1
"male"	1	3	0	0	1
"maiores"	0	0	0	0	1
"maiestas"	1	0	1	0	0
"magnus"	5	4	0	0	1
"magnitas"	1	0	0	0	0
"magis2"	3	1	0	0	2
"magis"	0	0	0	0	1
"maesto"	1	0	0	0	0
"maestitudo"	1	0	0	0	0
"maestitia"	1	0	0	0	0
"maeror"	1	0	0	0	3
"mactus"	1	0	0	0	1
"macto"	2	0	0	0	1
"macero"	0	0	0	0	1
"lympha"	0	0	0	0	1
"lycurga"	0	0	0	1	0
"lux"	0	1	0	1	0
"lustro2"	0	0	1	0	0
"luna"	1	1	0	0	0
"lumen"	3	2	0	1	0
"lugubris"	1	0	0	0	0
"ludus"	1	1	0	0	1
"ludo"	0	0	1	1	0
"luctus"	6	0	0	0	0
"lucifer2"	1	0	0	0	0
"loquor"	3	1	0	0	1
"longus"	1	0	0	0	0
"longinque"	0	1	0	0	0
"longe"	0	0	0	1	0
"locus"	9	0	0	1	5
"locupleto"	1	0	0	0	0
"loco"	0	1	0	0	0
"litus"	3	0	0	0	1
"lito"	0	0	1	0	0
"lissimum"	0	0	0	0	1
"liquesco"	0	0	0	1	0
"lingua"	2	1	0	1	3
"limus1"	1	0	0	0	0
"limen"	1	0	0	0	0
"licet3"	0	0	0	0	1
"libet"	0	1	0	0	0
"libertas"	0	1	0	0	0
"liberi"	2	0	0	2	1
"libere"	0	0	0	0	1
"liber2"	1	1	0	0	0
"liber1"	0	0	0	0	1
"libens"	0	0	1	0	0
"leuo1"	1	0	0	0	2
"leuis1"	2	0	0	0	0
"letum"	2	0	0	0	1
"lenitudo"	0	0	0	0	1
"leniter"	1	0	0	0	0
"lenis2"	1	0	0	0	0
"lemma"	0	1	0	0	0
"lectus1"	1	0	0	0	0
"laus"	3	0	1	0	0
"lauo?"	0	2	0	1	0
"lauo2"	1	0	0	0	0
"lauo1"	1	1	0	0	0
"latus1"	1	1	0	0	0
"latratus"	1	0	0	0	0
"lateo"	0	1	0	0	0
"late"	1	0	0	1	0
"lassitudo"	1	0	0	0	1
"lasciuus"	0	1	1	0	0
"lasciuia"	0	0	0	0	1
"largus"	1	0	0	0	0
"largificus"	0	0	0	0	1
"laqueo1"	0	1	0	0	0
"lapis"	0	1	0	0	2
"lapio"	0	0	0	0	1
"langueo"	1	0	0	0	0
"lamentor"	0	0	0	0	1
"lamenta"	0	0	0	0	1
"laeua?"	0	1	0	0	0
"laeua1"	1	1	0	0	0
"laetus2"	1	0	0	0	2
"laetor"	0	0	0	1	0
"laeto"	0	0	1	0	0
"laetitudo"	1	0	0	0	0
"lacto"	0	0	0	0	2
"lacrima"	3	2	0	0	0
"lacerta"	1	0	0	0	0
"lacero"	0	1	0	0	2
"lac"	1	0	0	0	0
"labundus"	1	0	0	0	0
"labor2"	1	0	0	0	0
"labor1"	2	0	0	0	1
"iuxtim"	0	0	1	0	0
"ius1"	0	2	0	0	0
"iuratus"	0	0	0	0	1
"iuppiter"	0	1	0	2	0
"iungo"	1	0	0	0	0
"iuis"	1	0	0	0	0
"iugulum"	1	0	0	0	0
"iuge"	0	1	0	0	0
"iudicium"	0	0	0	0	1
"iubeo"	2	0	0	0	0
"iubatus"	0	0	0	1	0
"iubaro"	0	0	0	0	1
"iterum"	2	0	0	0	0
"itero"	2	0	0	1	1
"iter"	3	2	0	0	4
"item"	1	0	0	0	0
"ita"	5	3	0	0	3
"istic1"	3	0	0	0	3
"iste"	2	1	0	0	3
"ispe"	0	0	0	0	1
"is"	25	8	0	4	20
"irrigo"	1	0	0	0	0
"irrideo"	1	0	0	0	0
"iratus"	1	1	0	0	0
"ira"	3	0	0	3	1
"ipse"	7	5	1	0	5
"inuoco"	0	0	0	0	1
"inuitus"	1	1	0	0	0
"inuiso"	1	0	0	0	0
"inuisitus"	1	0	0	0	0
"inuideo"	2	0	0	0	0
"inuictus"	1	0	0	0	0
"inuestio"	0	1	0	0	0
"inuestigo"	0	0	0	0	2
"inuenio"	1	0	0	1	2
"inuado2"	1	0	0	0	0
"intuor"	1	0	0	0	0
"intueor"	0	0	0	0	1
"introduco"	0	1	0	0	0
"intro2"	1	0	0	0	0
"intra2"	1	0	0	0	1
"intolerandus"	0	0	0	0	1
"interuentum"	0	0	0	0	1
"interuenio"	0	0	0	0	1
"interrumpo"	1	0	0	0	0
"interpretor"	0	0	0	0	1
"interpres"	0	0	0	0	1
"internecio"	1	0	0	0	0
"interficio"	1	0	0	0	1
"intereo1"	1	1	0	0	1
"interea"	1	1	0	0	3
"interdum"	1	0	0	0	0
"inter"	5	1	0	1	2
"intendo"	0	1	0	0	0
"intelligo"	1	1	0	0	3
"integro"	0	0	0	0	1
"integer"	0	0	0	0	2
"insuetus"	0	0	0	0	1
"instruo"	0	1	0	0	0
"insto"	1	0	0	0	1
"instituo"	0	1	0	0	0
"inspicio"	0	2	0	0	0
"insomnium"	0	0	0	0	1
"insolentia"	1	0	0	0	0
"insolens"	0	0	0	0	1
"insisto"	2	0	0	0	1
"insigne"	1	0	0	0	0
"insidiae"	1	0	0	0	0
"inscitia"	1	0	0	0	0
"insanus"	0	1	0	0	0
"insania"	1	0	0	0	0
"inquiro"	0	0	0	0	1
"inquio"	1	0	0	0	0
"inoratus"	0	1	0	0	0
"inopia"	0	1	0	0	0
"innoxius"	0	1	0	0	0
"innocens"	0	1	0	1	0
"innitor2"	0	1	0	0	0
"iniurus"	0	0	0	1	0
"iniurie"	0	0	0	1	0
"iniuria"	0	0	0	0	1
"initio"	0	0	0	0	1
"iniquus2"	1	0	0	0	0
"inimicus2"	1	0	0	0	0
"inimicus1"	0	0	0	0	1
"inimicitia"	0	0	0	0	1
"inibi"	0	0	0	0	1
"inhumatus"	0	0	0	0	1
"inhorresco"	0	0	0	0	1
"ingredior"	2	0	0	0	1
"ingratus"	0	0	0	0	1
"ingratificus"	1	0	0	0	0
"ingenuus"	0	1	0	0	0
"ingens"	1	0	0	0	1
"ingenium"	4	1	0	2	5
"infrenus"	0	1	0	0	0
"infreno"	1	1	0	0	0
"inflexus"	0	0	0	1	0
"inflammo"	1	1	0	0	0
"infitior"	1	0	0	0	0
"infidus"	0	0	0	0	1
"infidelis"	1	0	0	0	0
"inferus"	0	1	0	0	0
"infero"	1	0	0	0	0
"infernus"	0	0	0	0	1
"inferi"	0	1	0	0	1
"infans1"	1	0	0	0	0
"infabre"	0	0	0	0	1
"inexorabilis"	0	0	0	0	1
"iners"	0	1	0	0	0
"industria"	0	1	0	0	0
"indomitus"	1	0	0	0	0
"indoctus"	1	0	0	0	0
"indo"	0	2	0	0	0
"indignus"	1	0	0	0	0
"indigne"	0	0	0	1	0
"indigeo"	0	0	0	0	1
"indidem"	0	0	0	0	1
"indecoro"	1	0	0	0	0
"indecorabiliter"	1	0	0	0	0
"inde"	0	1	0	0	3
"incursio"	1	0	0	0	0
"incultus2"	0	0	0	0	2
"increpo"	0	1	0	0	1
"incommodum"	1	0	0	0	0
"incolumna"	0	0	0	0	1
"inclutus"	2	0	0	0	0
"incleo"	1	0	0	0	0
"incipio"	2	0	0	0	2
"incingo"	0	1	0	0	0
"incilo"	1	0	0	0	1
"inchoo"	0	1	0	0	0
"incertus"	0	1	0	0	2
"incertum"	1	0	0	0	0
"incerto1"	0	0	0	0	1
"incerte"	0	1	0	0	1
"incedo1"	0	3	0	1	0
"inauro"	0	1	0	0	0
"inaudio"	0	0	0	0	1
"inanimus"	0	0	0	0	1
"in"	47	18	2	6	19
"improbo"	0	1	0	0	0
"impos"	1	0	0	0	0
"importo"	0	0	0	0	1
"impono"	1	0	0	0	0
"imploro"	1	0	0	0	0
"impietas"	1	0	0	0	0
"impexus"	0	0	0	0	1
"impetus"	1	0	0	0	0
"impetro"	0	1	0	0	0
"impetritus"	0	0	0	0	1
"impetibilis"	1	0	0	0	0
"impero"	0	1	0	0	1
"imperium"	2	2	0	0	2
"imperitus"	1	0	0	0	0
"imperito"	1	0	0	0	0
"imperator"	0	0	0	0	1
"immunis"	1	0	0	0	0
"immortalis"	1	0	0	0	0
"immo"	1	0	0	0	0
"immitto"	2	0	0	0	0
"imminuo"	1	0	0	0	0
"immemor"	1	0	0	0	0
"immanis"	4	0	0	0	0
"imbuo"	3	0	0	0	1
"illuc"	0	2	0	0	0
"illinc"	0	1	0	0	1
"illico"	1	0	0	0	1
"illicite"	0	0	0	1	0
"illicio"	1	0	0	0	0
"illic2"	0	0	0	0	1
"ille"	11	1	0	2	12
"illaqueo2"	0	0	0	0	1
"ignotus"	1	0	0	1	1
"ignosco"	1	0	0	0	0
"ignobilis"	0	1	0	0	1
"ignis"	1	1	0	0	0
"ignauus2"	1	0	0	0	1
"iecur"	0	0	0	0	1
"idem"	3	4	0	0	5
"ictus"	0	0	0	0	1
"ico"	1	0	0	1	2
"ibi"	2	3	0	1	1
"iam"	12	3	1	2	6
"iacio"	1	1	0	0	0
"iaceo"	2	1	0	0	0
"humilis"	2	0	0	0	2
"humidus"	1	1	0	0	0
"humanus"	2	2	0	0	1
"huc"	2	1	0	1	0
"hostius"	0	0	0	0	1
"hostis"	2	1	0	0	0
"hostificus"	1	0	0	0	0
"hosticus"	1	0	0	0	0
"hostia"	0	0	0	0	1
"hospius"	0	1	0	0	0
"hospitium"	0	0	0	0	1
"hospita"	0	0	0	0	1
"hospes"	2	1	0	0	2
"hortor"	2	0	0	0	0
"hortatrix"	0	0	0	0	1
"horror"	0	0	0	0	1
"horrificabilis"	1	0	0	0	0
"horrifer"	1	0	0	0	1
"horridus"	1	0	0	0	2
"horresco"	0	0	0	0	1
"horreo"	1	0	0	0	0
"honor"	0	1	0	0	1
"honestitudo"	2	0	0	0	0
"hodie"	0	1	0	0	0
"hisco"	1	0	0	0	0
"hippotes"	0	0	0	0	1
"hinc"	2	1	0	0	4
"hic2"	3	0	0	0	3
"hic1"	28	15	2	1	25
"hic"	0	0	0	0	1
"heu"	4	1	0	0	2
"herilis"	0	1	0	0	0
"herba"	1	0	0	0	0
"hera"	0	1	0	0	0
"hem"	2	1	0	0	0
"haudquaquam"	1	0	0	0	0
"haud"	6	0	0	0	1
"hasta"	0	2	0	0	0
"halito"	0	1	0	0	0
"habito"	1	0	0	0	0
"habeo"	6	3	0	1	4
"guttatim"	0	1	0	0	0
"gutta"	1	0	0	0	0
"grummus"	1	0	0	0	0
"gressus"	1	0	0	0	0
"gremium"	0	0	0	0	1
"grauiter"	0	1	0	0	1
"grauis"	3	0	0	0	0
"grauidus"	0	1	0	0	1
"gratus"	1	0	0	0	1
"gratulor"	0	1	0	0	0
"grator"	0	0	0	0	1
"gratia"	1	2	0	0	2
"grando"	0	0	0	0	1
"grandis"	1	0	0	0	0
"grandior"	0	0	0	0	1
"grandaeuitas"	1	0	0	0	1
"gradus"	2	2	0	0	5
"gradior"	0	0	0	0	1
"gracilitudo"	1	0	0	0	0
"gnobilis"	1	0	0	0	0
"gloria"	3	2	0	0	1
"globosus"	1	0	0	0	0
"glisco"	0	0	0	0	1
"glaucus2"	1	0	0	0	0
"gigno"	1	0	0	0	0
"gestito"	0	1	0	0	0
"gero"	1	4	0	1	0
"germane"	0	1	0	0	0
"gens"	3	0	0	0	0
"genitor"	2	0	0	0	0
"gener"	1	0	0	0	0
"gena"	0	0	0	0	1
"gemo"	0	1	0	0	0
"gemitus"	1	1	0	0	1
"geminus"	0	0	0	0	2
"geminitudo"	0	0	0	0	1
"gelidus"	1	0	0	0	0
"gaudium"	0	0	0	0	1
"futilus"	0	1	0	0	0
"futilel"	0	1	0	0	0
"fuscina"	1	0	0	0	0
"funus"	1	0	0	0	0
"fungor"	0	0	0	0	1
"funestus"	2	0	0	0	0
"fulgorio"	0	0	0	1	0
"fulgens"	1	0	0	0	0
"frux"	2	0	0	0	3
"frundifer"	0	0	0	1	0
"fructus"	0	1	0	0	0
"frondeo"	1	0	0	0	0
"fringo"	1	0	0	0	0
"frigo1"	1	0	0	0	0
"frico"	1	0	0	0	0
"fretus2"	0	0	0	0	1
"fretus1"	0	1	0	0	0
"fretum"	1	0	0	0	0
"frequens"	0	0	0	0	1
"frenum"	1	0	0	0	0
"frendo"	0	0	0	0	2
"fremitus"	2	0	0	0	1
"fraternus"	0	0	0	0	1
"frater"	2	0	0	0	1
"frango"	1	2	0	0	0
"fragesco"	1	0	0	0	0
"fortuna"	6	2	0	0	1
"fortitudo"	0	0	0	0	1
"fortiter"	0	2	0	0	0
"fortis"	3	0	0	0	0
"forte"	3	0	0	0	1
"fors1"	2	0	0	0	0
"formo"	0	0	0	0	1
"formido2"	1	0	0	1	0
"formido1"	0	0	0	0	1
"forma"	1	0	0	1	1
"foris1"	0	0	0	0	1
"foras"	0	1	0	0	0
"fons"	0	0	0	2	0
"foede"	0	0	0	0	1
"focus"	1	0	0	0	0
"fluxus2"	1	0	0	0	0
"fluuia"	1	0	0	0	0
"flumen"	1	0	0	0	0
"fluctus"	3	3	0	0	0
"fluco"	0	0	0	0	1
"flosum"	0	0	0	1	0
"flos"	3	0	0	0	2
"florus"	0	0	0	0	1
"floreo"	1	0	0	0	0
"fligo"	1	0	1	0	0
"flictus"	0	0	0	0	1
"flexiuix"	0	0	0	0	1
"flexanimus"	0	0	0	0	1
"fletus"	1	0	0	0	2
"flecto"	0	1	0	1	3
"flebilis"	1	0	0	0	0
"flauus"	0	0	0	0	2
"flammifer"	0	1	0	0	0
"flammeus"	1	0	0	0	1
"flammeum"	2	0	0	0	0
"flamma"	2	3	0	1	1
"flacco"	0	1	0	0	0
"flaccesco"	0	0	0	0	1
"firmus"	0	2	0	0	0
"fio"	1	2	0	1	1
"finis"	4	0	0	0	0
"fingo"	1	0	0	0	0
"filius"	0	1	0	0	1
"figura"	1	0	0	0	1
"figo"	0	1	0	0	0
"fidus"	1	1	0	0	0
"fides2"	2	2	0	0	1
"fidelitas"	1	0	0	0	0
"fictor"	1	0	0	0	0
"fetus1"	1	0	0	0	2
"ferus2"	1	0	0	1	0
"feruo"	1	0	0	0	1
"feruidus"	1	0	0	0	0
"ferueo"	1	0	0	1	0
"ferrum"	1	3	0	1	0
"ferox"	2	0	0	0	4
"ferocia"	1	0	0	0	1
"fere"	1	0	0	0	0
"fera"	2	0	0	1	2
"febris"	1	0	0	0	0
"fax"	0	2	0	0	0
"faustus"	1	0	0	0	1
"fauentia"	1	0	0	0	0
"fatum"	2	0	0	0	0
"fatiscor"	1	0	0	0	1
"fatigo"	0	0	0	0	1
"fateor"	1	0	0	0	0
"fas"	2	0	0	0	0
"fanum"	0	1	0	0	0
"famulitas"	1	0	0	0	1
"famulanter"	1	0	0	0	0
"familia"	0	1	0	0	1
"fames"	1	0	0	0	1
"fama"	3	2	0	1	2
"falsus"	0	1	0	0	2
"facultas"	1	0	0	0	0
"facul"	0	0	0	0	1
"factum"	0	0	0	1	0
"facio"	11	4	0	1	10
"facinus"	1	1	0	0	0
"facile"	3	2	0	0	1
"facies"	0	0	0	1	1
"facesso"	0	0	0	0	2
"fabricor"	1	0	0	0	0
"exuuiae"	3	0	0	0	0
"exuro"	1	0	0	0	1
"exubero"	1	0	0	0	0
"extus"	0	0	0	0	1
"exturbo2"	1	0	0	0	0
"extra2"	0	1	0	0	0
"extorris"	1	0	0	0	0
"extollo"	1	1	0	0	0
"extispicium"	1	0	0	0	0
"exter"	0	0	0	0	1
"extemplo"	0	0	0	0	1
"exsuscito1"	1	0	0	0	0
"exsulo"	1	0	0	0	0
"exsul"	1	0	0	0	1
"exstinguo"	2	0	0	0	1
"exspiro"	1	0	0	0	0
"exspes"	1	0	0	0	0
"exspecto"	2	2	0	0	2
"exsisto"	1	0	0	0	1
"exsilium"	2	2	0	0	2
"exsequor"	1	1	0	0	0
"exsecrabilis"	1	0	0	0	0
"exquiro"	0	0	0	0	1
"expugno"	1	0	0	0	0
"expromo"	1	0	0	0	0
"exposco"	0	1	0	0	0
"explico"	2	0	0	0	0
"expleo"	3	0	0	0	0
"explano"	0	0	0	0	1
"expeto"	2	1	0	0	1
"expers"	1	0	0	0	0
"expendo"	1	0	0	0	0
"expello"	1	0	0	0	1
"expedio"	0	0	0	0	3
"exortus"	0	0	0	0	1
"exorior"	1	1	0	0	2
"exordium"	0	1	0	0	0
"exoptus"	1	0	0	0	0
"exitium"	0	0	0	0	1
"exigo"	0	0	0	1	1
"exercitus1"	2	0	0	0	0
"exercitium"	2	0	0	0	0
"exerceo"	1	1	0	0	1
"exeo1"	1	0	0	0	0
"exemplum"	1	0	0	0	0
"excrucio"	0	1	0	0	1
"excito1"	1	0	0	0	0
"excio"	3	0	0	0	0
"excido1"	0	0	0	1	0
"excelsus"	1	0	0	0	0
"exaudio"	1	0	0	0	0
"exanimo"	0	2	0	0	0
"exanclo"	2	1	0	0	1
"exalbesco"	0	1	0	0	0
"ex"	21	4	0	2	11
"euolo2"	1	0	0	0	0
"euito"	1	1	0	0	0
"euiscero"	0	1	0	0	1
"euhio"	1	0	0	0	0
"euerto"	2	0	0	0	0
"euenio"	0	1	0	0	0
"euago"	1	0	0	0	0
"euado2"	1	0	0	0	0
"etsi2"	2	1	0	0	2
"etiam"	2	2	0	0	1
"et2"	54	20	1	1	26
"erumpo"	1	0	0	0	1
"error"	1	0	0	0	3
"erro2"	0	2	0	0	1
"erro1"	1	0	0	0	0
"erogito"	1	0	0	0	0
"eripio"	1	0	0	0	0
"erigo"	1	0	0	0	0
"ergo2"	1	0	0	0	0
"erga"	0	0	0	0	2
"equus"	1	1	0	0	0
"equinus"	1	0	0	0	0
"equidem"	1	0	0	0	0
"epulor"	1	0	0	0	0
"epulae"	1	0	0	0	0
"eodem"	0	0	0	0	1
"eo3"	0	0	0	1	0
"eo1"	6	2	0	1	4
"enodus"	0	0	0	0	1
"enodo"	1	0	0	0	0
"eniteo"	1	0	0	0	0
"enimuero"	1	0	0	0	0
"enim2"	1	1	0	0	0
"eloquor"	0	0	0	0	1
"elinguis"	0	0	0	0	1
"eliminor"	1	0	0	0	0
"elimino"	1	0	0	0	1
"elimina"	0	1	0	0	0
"eiulatus"	1	0	0	0	0
"eicio"	0	1	0	0	0
"ei"	1	0	0	0	0
"eheu"	0	1	0	0	0
"egregius"	1	0	0	0	2
"egredior"	2	0	0	0	0
"ego"	57	23	1	4	41
"egestas"	0	1	0	0	2
"egens"	0	1	0	0	0
"effor"	0	0	0	0	1
"effero2"	2	2	0	0	0
"effectus1"	0	0	0	0	1
"educo2"	2	1	0	0	0
"edo2"	1	0	0	0	0
"edico2"	1	0	0	0	1
"ecquis"	1	0	0	0	0
"ecquid"	1	0	0	0	0
"eccus"	0	0	0	0	1
"ecce"	0	1	0	0	1
"ebur"	0	1	0	0	0
"duro"	0	1	0	0	0
"duriter"	0	1	0	0	0
"duplico"	0	0	0	1	0
"duo"	1	0	0	0	1
"dum2"	4	0	0	0	1
"dulcitas"	1	0	0	0	0
"dudum"	0	1	0	0	0
"ductor"	1	0	0	0	0
"ducto"	0	1	0	0	0
"duco"	1	1	0	1	0
"dubius"	1	0	0	0	1
"dubito"	4	0	0	0	1
"dryo"	0	0	0	1	0
"dono"	1	0	0	0	0
"donec"	1	0	0	0	0
"domutio"	0	0	0	0	1
"domus"	3	6	0	0	0
"domuitio"	1	0	0	0	0
"domo"	0	1	0	0	1
"dominor"	1	0	0	0	0
"dolor"	3	0	0	0	2
"doleo"	1	0	0	0	1
"do"	11	4	0	0	12
"diuito"	1	0	0	0	0
"diuitiae"	1	2	0	0	0
"diuidus"	1	0	0	0	0
"diuido"	1	0	0	0	0
"diuidia"	2	0	0	0	0
"diuexo"	0	0	0	0	1
"diuersus"	0	0	0	0	1
"diu"	2	1	0	0	1
"disturbo2"	1	0	0	0	0
"distraho"	0	0	0	0	1
"distinguo"	0	0	0	0	1
"dissipo"	1	1	0	0	0
"dissentio"	0	0	0	0	1
"dispendo"	0	0	0	0	1
"dispar"	1	0	0	0	0
"disicio"	1	1	0	0	0
"disertim"	1	0	0	0	0
"discorditas"	0	0	0	0	1
"discordia"	1	0	0	0	0
"discidium"	2	0	0	0	0
"discerpo"	1	0	0	0	0
"direpente"	0	1	0	0	0
"diligenter"	1	0	0	0	0
"dignus"	0	0	0	0	1
"dignosco"	1	0	0	0	0
"dignor"	2	0	0	0	0
"digno"	0	0	0	0	2
"dignitas"	1	0	0	0	0
"differo"	1	1	0	0	0
"dies"	1	1	0	0	2
"dictum"	3	2	0	0	2
"dictio"	0	0	0	0	3
"dico?"	1	0	0	0	0
"dico2"	9	5	0	1	6
"diana"	0	1	0	0	0
"deus"	3	4	1	1	3
"detraho"	0	0	0	0	1
"deterior"	1	0	0	0	0
"desubito"	1	0	0	1	0
"despondeo"	0	0	0	0	1
"despicio"	0	1	0	0	0
"desisto"	1	0	0	0	0
"desidero"	0	0	0	0	1
"desiderium"	0	0	0	0	1
"desertum"	1	0	0	0	0
"desero2"	2	0	0	0	0
"derepente"	1	1	0	0	0
"depono"	1	0	0	0	0
"depello"	0	0	0	0	1
"denudo"	0	0	0	0	1
"demum"	2	0	0	0	0
"demo"	1	0	0	0	0
"dementia"	1	0	0	0	0
"delphicus"	0	1	0	0	0
"delitor"	1	0	0	0	0
"deligo3"	0	1	0	0	0
"delibuo"	0	0	0	0	1
"delecto"	0	2	0	0	0
"deiugo"	0	0	0	0	1
"deinde"	2	0	0	0	0
"deformo?"	0	1	0	0	0
"deformo1"	1	0	0	0	0
"deflagro"	0	1	0	0	0
"defio"	1	0	0	0	0
"defetiscor"	0	0	0	0	1
"defero"	1	0	0	0	0
"defendo"	0	2	0	0	2
"deduco"	0	1	1	0	1
"decurro"	0	0	0	0	1
"decoro"	1	0	0	1	1
"decipio"	1	0	0	0	0
"decet"	1	0	0	0	2
"decerno"	0	0	0	0	1
"debilis"	1	0	0	0	0
"de"	1	3	0	0	6
"dano"	0	0	0	0	1
"damno"	1	0	0	0	0
"custos"	0	1	0	0	0
"custodio"	0	0	0	0	1
"custodia"	0	0	0	1	0
"curuus"	1	0	0	0	0
"cursus"	2	0	0	0	0
"currus"	1	1	0	0	1
"curro"	1	0	0	0	0
"curo"	1	2	0	0	0
"cura"	4	0	0	0	2
"cur"	3	0	0	0	1
"cupio"	0	3	0	0	1
"cupienter"	1	1	0	0	0
"cupidus"	0	1	0	0	0
"cupido"	0	2	0	0	0
"cupiditas"	0	0	0	0	1
"cunctus"	4	0	0	0	0
"cunctor"	0	1	0	0	0
"cum3"	17	8	0	2	11
"cum2"	6	3	0	2	4
"cuias"	1	0	0	0	0
"cruor"	2	0	0	0	0
"crudelitas"	1	0	0	0	0
"cruciatus"	1	2	0	0	1
"crispus"	0	0	0	0	1
"crispa"	0	1	0	0	0
"crinitus"	0	1	0	0	0
"crinis"	1	0	0	0	1
"crepitus"	1	0	0	0	1
"crepero"	0	0	0	0	1
"creper"	2	0	0	0	0
"creo"	0	0	0	0	1
"credo"	4	2	0	0	1
"crebro2"	0	0	0	0	1
"cratera"	0	0	0	1	0
"corusco"	0	0	0	0	1
"corpus"	4	6	0	1	6
"corporo"	0	1	0	0	0
"corona"	2	1	0	0	0
"cornifeo"	0	0	0	0	1
"cor"	2	2	0	0	3
"copula"	1	0	0	0	0
"cops"	0	0	0	0	1
"copia"	1	0	0	0	2
"conuiso"	1	0	0	0	0
"contuo"	0	0	0	0	1
"contundo"	2	0	0	0	0
"contumelia"	0	0	0	0	2
"contueor"	0	0	0	0	1
"contremo"	0	0	0	0	1
"contra2"	1	1	0	0	1
"contra1"	3	0	0	1	0
"contorqueo"	0	0	0	0	1
"contingo1"	0	1	0	0	0
"contineo"	0	1	0	0	1
"contendo"	2	0	0	1	1
"contemplor"	0	1	0	0	0
"contemplo"	1	1	0	1	0
"contego"	2	0	0	0	0
"contamino"	1	0	0	0	0
"consuesco"	0	0	0	0	1
"consterno1"	0	0	0	0	2
"conspiro1"	1	0	0	0	0
"conspicio"	2	0	0	0	1
"conspectus1"	1	0	0	0	1
"consisto"	1	1	0	0	0
"consimilis"	1	0	0	0	0
"consilium"	4	2	0	0	3
"considero"	1	0	0	0	0
"conseruo"	0	0	0	0	1
"consentio"	0	1	0	0	0
"consanguineus2"	0	0	0	0	1
"conqueror"	0	0	0	0	1
"conor"	1	2	0	0	3
"coniux"	2	0	0	0	2
"coniungo"	1	0	0	0	0
"coniugium"	1	0	0	0	0
"coniectura"	1	0	0	0	3
"congruo"	1	0	0	0	0
"congredior"	1	0	0	0	0
"conglomo"	0	1	0	0	0
"conglomero"	0	0	0	0	1
"congenero"	1	0	0	0	0
"confirmo"	1	0	0	0	0
"confio"	0	0	0	0	1
"confingo"	1	0	0	0	1
"configo"	1	0	0	0	0
"confido"	1	0	0	0	0
"confidentia"	1	1	0	1	3
"conficio"	1	1	0	0	2
"confero"	1	2	0	0	1
"conesto"	1	0	0	0	0
"conduplico"	0	0	0	0	1
"conditio"	0	1	0	0	0
"concutio"	1	0	0	0	0
"concurso"	1	0	0	0	0
"concubium"	0	1	0	0	0
"concorditas"	0	0	0	0	1
"concoquo"	1	0	0	0	0
"concipio"	1	0	0	0	1
"concieo"	2	0	0	0	1
"concerto1"	0	0	0	0	1
"concedo1"	1	1	0	0	0
"comprimo"	2	0	0	0	0
"compos"	0	0	0	1	0
"compors"	1	0	0	0	0
"compono"	1	0	0	0	0
"complexus"	0	0	0	0	1
"comperio"	1	0	0	0	0
"compendo"	0	0	0	0	1
"comparo2"	4	0	0	0	0
"compages"	0	0	0	0	1
"commoueo"	1	0	0	0	0
"committo"	0	0	0	0	1
"commisero"	1	0	0	0	0
"commiseresco"	0	1	0	0	0
"commisceo"	0	1	0	0	0
"comminus"	0	1	0	0	0
"comes"	1	0	0	0	0
"color"	0	0	0	0	1
"collum"	1	0	0	0	0
"colloco"	1	0	1	0	0
"collis"	2	0	0	0	1
"coinquino"	1	0	0	0	0
"cohibeo"	0	0	0	0	1
"cogo"	1	0	0	0	0
"cognosco"	2	0	0	0	1
"cogito"	0	1	0	0	0
"coerceo"	0	0	0	0	2
"coepio"	0	1	0	0	1
"clupeus"	0	1	0	0	0
"clupeo"	0	0	0	0	1
"clueo"	1	0	0	0	1
"clipeus"	0	1	0	0	0
"claudo1"	0	0	0	0	1
"classis"	3	0	1	0	1
"clarus"	4	0	0	1	0
"clareo"	0	1	0	0	0
"clamor"	1	1	0	0	1
"clamo"	1	0	0	0	0
"clames"	0	0	0	0	1
"clam1"	3	0	0	0	1
"clades"	2	0	0	0	2
"ciuitas"	0	0	0	0	2
"ciuis"	2	2	0	0	1
"citro"	0	0	0	0	1
"citatus"	3	0	0	0	0
"circumuenio"	0	1	0	0	0
"circumsto"	0	1	0	0	0
"circumspicio"	0	0	0	0	1
"circum2"	1	1	0	0	0
"circum1"	0	0	0	0	1
"circulus"	2	0	0	0	0
"cinis"	1	0	0	0	0
"cetro"	0	1	0	1	1
"cetera1"	0	1	0	0	0
"cesso"	1	1	0	0	1
"ceruix"	0	0	0	0	2
"certus"	2	0	0	0	1
"certo1"	0	0	0	0	1
"certisco"	0	0	0	0	1
"cerno"	4	3	0	0	4
"cereo"	0	1	0	0	0
"censeo"	1	0	0	0	1
"celsus"	3	0	0	1	0
"celer"	1	0	0	1	0
"celebro"	1	0	0	0	0
"celebresco"	1	0	0	0	0
"celeber"	1	0	0	0	0
"cedo2"	2	0	0	0	1
"cedo1"	0	0	0	0	1
"cauus2"	0	1	0	0	0
"cautim"	1	0	0	0	0
"caute"	1	0	0	0	0
"causor"	1	0	0	0	1
"causa"	2	1	0	0	1
"caueo"	2	0	0	1	0
"castus2"	1	0	0	0	0
"castra2"	1	2	0	0	0
"castra"	0	1	0	0	0
"castitas"	1	0	0	0	0
"cardo"	0	1	0	0	0
"caput"	3	1	0	0	2
"capto"	1	0	0	0	0
"captiuus1"	1	0	0	0	0
"caprigenus"	1	0	0	0	0
"capra"	0	1	0	0	0
"capio2"	5	1	0	0	2
"capesso"	0	0	0	0	1
"cantus"	1	0	1	0	0
"cano"	0	0	0	0	1
"canis"	0	0	0	0	1
"candor"	0	0	0	1	1
"candidus"	1	1	0	0	0
"candeo"	0	1	0	0	0
"candens"	0	1	0	0	0
"campus1"	1	0	0	0	0
"camilla"	0	0	0	0	1
"caluor"	1	0	0	0	3
"calumen"	0	0	0	0	1
"calleo"	1	0	0	0	1
"caligo1"	0	1	0	0	0
"caeruleus"	0	1	0	0	0
"caelum1"	3	8	0	0	2
"caelo"	0	1	0	0	0
"caelestis"	0	0	0	0	1
"caelestia"	1	0	0	0	0
"caelestes"	1	0	0	0	0
"caeles1"	2	2	0	0	1
"caedo"	0	1	0	0	0
"caecus"	1	0	0	0	0
"cado"	0	1	1	0	1
"cachinno2"	1	0	0	0	0
"brutus"	0	0	0	0	1
"breuis"	0	0	0	0	1
"bosco"	0	0	0	0	1
"bonus"	5	4	0	0	2
"bonum"	1	0	0	0	0
"blandus"	0	1	0	0	1
"bisulcus"	0	0	0	0	1
"bipes2"	0	0	0	1	0
"biga"	0	1	0	0	0
"beto"	0	0	0	0	1
"benigne"	1	0	0	0	0
"beneuolentia"	1	0	0	0	0
"beneficium"	3	0	0	0	0
"benefactum"	0	0	0	0	1
"bene"	1	3	0	0	3
"bellum"	3	1	0	0	0
"bellua"	0	1	0	0	1
"bello"	0	0	0	0	1
"baetus"	0	0	0	0	1
"babium"	0	1	0	0	0
"axis"	1	0	0	0	1
"auxilium"	2	3	0	0	1
"auus"	0	1	0	0	0
"autumo"	1	0	0	0	3
"autumnus1"	0	0	0	0	1
"autem"	3	1	1	0	1
"aut"	17	12	0	0	12
"ausus"	0	0	0	0	1
"auspicium"	0	0	0	0	1
"ausculto"	0	0	0	0	1
"aurum"	1	1	0	0	0
"aureus2"	1	0	0	0	0
"auratus"	0	1	0	0	0
"auis"	0	0	0	0	1
"auide"	0	1	0	0	0
"augustus"	1	0	0	0	0
"auguro"	0	0	0	0	1
"augurium"	1	0	0	0	1
"augur"	4	0	0	0	0
"augifico"	0	1	0	0	0
"augeo"	1	0	0	0	1
"aufero"	3	1	0	0	0
"auerrunco"	0	0	0	0	2
"aueo"	0	1	0	0	0
"aueho"	1	0	0	0	0
"audio"	3	1	0	0	2
"audeo"	2	0	0	0	0
"audax"	1	0	0	0	0
"aucupus"	1	0	0	0	0
"aucupo"	2	1	0	0	0
"aucepus"	0	0	0	0	1
"attrectatus"	0	0	0	0	1
"attractio"	1	0	0	0	0
"attolo"	0	0	0	0	2
"attingo"	2	0	0	0	1
"attento"	0	0	0	0	1
"attendo"	2	0	0	0	1
"atrox"	0	0	0	0	1
"atrocitas"	1	0	0	0	0
"atratus"	1	0	0	0	0
"atque1"	20	16	0	1	14
"ater"	1	1	0	0	0
"at2"	2	1	0	0	0
"astus"	2	0	0	0	1
"asto"	0	4	0	1	1
"assum1"	4	2	0	0	1
"assisto"	1	0	0	0	0
"assentio"	1	0	0	0	0
"aspicio"	2	2	0	0	1
"aspernabilis"	1	0	0	0	0
"asper"	0	1	0	0	1
"aspectus"	1	1	0	0	2
"arx"	2	2	0	0	0
"artus1"	0	0	0	0	1
"ars"	1	0	0	0	1
"arripio"	1	0	0	0	1
"armus"	1	0	0	0	0
"armiger2"	1	0	0	0	0
"armentum"	0	0	0	0	1
"armatus2"	3	1	0	0	0
"armati"	0	1	0	0	0
"armamentum"	0	0	0	0	1
"arma"	6	2	0	0	2
"aries"	0	1	0	0	0
"aridus"	0	0	0	0	1
"argutus"	0	0	0	1	0
"argutor"	0	1	0	0	0
"argus"	0	1	0	0	0
"arguo"	1	0	0	0	0
"argio"	0	1	0	0	0
"arena"	0	0	0	0	1
"arduus"	0	1	0	0	1
"ardor"	2	0	0	0	0
"ardens"	0	1	0	0	0
"arcus"	0	1	0	0	0
"arcitenens2"	1	0	0	0	0
"arbustum"	0	0	0	1	0
"arbor"	0	1	0	0	0
"arbitror"	3	0	0	0	0
"ara"	2	2	0	0	1
"aquilo"	1	0	0	0	0
"aqua"	0	0	0	1	0
"apud"	5	0	0	0	0
"aptus"	1	0	0	0	1
"approbo"	0	0	0	0	1
"apporto"	1	0	0	0	1
"applico"	1	1	0	0	1
"appeto"	1	0	0	0	1
"appello1"	0	1	0	0	1
"aperte"	0	0	0	0	1
"anxitudo"	2	0	0	0	1
"anuus"	0	1	0	0	0
"antista"	1	0	0	0	0
"antiquus"	3	3	0	0	2
"ante2"	0	1	0	0	1
"annuus"	1	0	0	0	0
"annus"	1	1	0	0	1
"animus"	13	6	0	1	12
"animo"	0	0	0	0	1
"animatus"	2	1	0	0	0
"animal"	0	0	0	0	1
"animaduerto"	1	0	0	0	0
"anima"	5	1	0	0	1
"angustitas"	1	0	0	0	0
"anguis"	0	0	0	1	0
"anguinus"	0	0	0	0	1
"anfractus1"	1	0	0	0	0
"ancillo"	1	0	0	0	0
"an"	4	1	0	2	1
"amplus"	0	0	0	0	1
"amplo"	0	0	0	0	1
"ampliter"	1	0	0	0	0
"amplifico"	0	0	0	0	1
"ample"	1	0	0	0	0
"amor"	1	2	0	0	1
"amolior"	1	0	0	0	2
"amnis"	2	0	0	3	0
"amitto"	3	0	0	0	0
"amidium"	0	1	0	0	0
"amicus1"	3	1	0	0	2
"amiciter"	0	0	0	0	1
"amicio"	0	0	0	1	0
"amentia"	1	0	0	0	1
"amburo"	1	0	0	0	0
"ambo2"	0	1	0	0	0
"amans1"	1	0	0	0	0
"am"	1	0	0	0	0
"aluus"	1	0	0	0	0
"alumnus1"	0	0	0	0	1
"alueus"	0	0	0	0	1
"altus"	4	3	0	1	0
"altum"	1	3	0	0	2
"altisonus"	0	2	0	0	0
"alterco"	0	0	0	0	1
"alter"	2	2	0	0	0
"alte"	1	0	0	1	0
"altar"	0	0	0	0	1
"alo"	1	0	0	0	1
"alloquor"	1	0	0	0	0
"alligo2"	0	0	0	0	1
"alius"	3	3	0	1	0
"aliquis"	2	1	0	0	0
"alienus2"	2	0	0	0	2
"algus"	1	0	0	0	0
"alacer"	1	0	0	0	0
"aio"	1	0	0	0	1
"agrestis2"	0	0	0	0	2
"ago"	4	6	0	0	6
"agnus"	1	0	0	0	0
"agito"	1	0	0	1	0
"aggredior"	1	0	0	0	1
"aggrauesco"	0	0	0	0	1
"ager"	3	0	0	0	0
"age"	2	0	0	0	1
"affor"	2	0	0	0	0
"affligo"	0	0	0	0	1
"affinitas"	1	0	0	0	0
"affinis1"	1	0	0	0	1
"affectus1"	1	0	0	0	0
"aeternus"	0	0	0	0	1
"aetas"	1	1	0	0	8
"aestus"	1	0	0	1	3
"aestuosus"	0	0	0	0	1
"aes"	1	2	0	0	0
"aerumnosus"	1	0	0	0	0
"aerumna"	1	1	0	0	2
"aequus"	1	3	0	0	1
"aequor"	1	0	0	0	0
"aequiter"	0	0	0	0	1
"aequipero"	0	0	0	0	1
"aeque"	0	1	1	0	1
"aequalis1"	0	0	0	0	2
"aegritudo"	0	0	0	0	2
"aegre"	0	1	0	0	2
"aeger2"	0	1	0	0	0
"aedes"	0	1	0	0	0
"aeax"	0	1	0	0	0
"aeaeus"	0	0	0	0	1
"aduersus3"	1	1	0	0	0
"aduersus1"	2	0	0	0	1
"aduersarius1"	0	1	0	0	0
"aduentus"	0	0	0	0	1
"aduento"	0	1	0	0	0
"aduenio"	1	0	0	1	2
"aduena"	1	0	0	0	1
"admisceo"	1	0	0	0	0
"adiuuto"	1	0	0	0	0
"adiuuo"	1	0	0	0	1
"adiutrix"	1	0	0	0	0
"adiuto"	0	0	0	0	2
"adiungo"	0	0	0	0	2
"adiugo"	0	0	0	0	2
"aditus"	1	0	0	0	0
"adhuc"	1	0	0	0	0
"adhibeo"	1	0	0	0	0
"adeo2"	1	1	0	0	1
"adeo1"	2	0	0	0	0
"addo"	3	0	0	0	1
"addecet"	0	1	0	0	0
"ad2"	10	3	1	1	7
"ad1"	1	0	0	0	0
"acuus"	1	0	0	0	0
"actutum"	1	0	0	1	1
"actus1"	0	0	0	0	1
"acritudo"	1	0	0	0	0
"acritas"	1	0	0	0	0
"acrimonia"	1	0	0	1	0
"acricrepo"	1	0	0	0	0
"acies"	1	0	0	0	1
"acherusium"	0	1	0	0	0
"acheron"	0	1	0	0	0
"aceruus"	1	0	0	0	0
"acerbus"	2	0	0	0	0
"acer2"	2	0	0	1	0
"acedo"	0	0	0	0	1
"accumbo"	1	0	0	0	0
"accommodo"	1	0	0	0	0
"accolo2"	1	0	0	0	0
"accipio"	0	1	0	0	3
"accido1"	1	1	0	0	0
"accendo"	0	0	1	0	0
"accedo1"	0	1	0	0	0
"ac1"	8	0	0	0	4
"abundans2"	1	0	0	0	0
"absumo"	1	0	0	0	0
"absum1"	0	1	0	0	0
"abstrudo"	1	0	0	0	0
"abstraho"	1	0	0	0	0
"absoluo"	0	0	0	0	1
"abscedo1"	0	0	0	0	1
"abnuo"	0	1	0	0	0
"abluo"	0	0	0	0	1
"abiugo"	0	0	0	0	1
"abigo"	0	1	0	0	0
"abies"	2	1	0	0	0
"abiegnus"	0	1	0	0	0
"abicio"	1	0	0	0	0
"abduco"	1	0	0	0	0
"abdico1"	0	0	0	0	1
"ab"	13	9	0	0	10
"Uulcanus"	0	0	0	1	0
"Uulcania"	1	0	0	0	0
"Mulciber"	1	0	0	0	0
"Mots d'origine grecs"	156	73	4	22	79
"Liber"	0	0	0	0	2
"Iuppiter"	3	4	0	0	0
"Ilius"	1	0	0	0	0
"FAUX"	1	0	0	0	0
"Danai"	2	0	0	0	0
"Danae"	0	0	0	0	2
"Cadmogena"	1	0	0	0	0
"Aetna"	0	0	0	0	1
