""	"Accius"	"Ennius"	"Livius"	"N<U+00E6>vius"	"Pacuvius"
"Verbes"	749	334	16	58	583
"et"	53	20	1	1	25
"in"	47	17	2	6	19
"ut"	29	6	1	3	23
"te"	24	6	0	0	25
"me"	23	13	0	2	17
"qui"	21	15	0	3	17
"atque"	19	16	0	1	14
"neque"	18	4	0	0	10
"ex"	18	3	0	2	6
"cum"	18	10	0	4	11
"quod"	16	7	1	0	19
"aut"	15	12	0	0	12
"si"	14	3	0	1	12
"non"	13	5	0	1	9
"nam"	12	5	0	0	8
"mihi"	12	4	1	0	7
"nunc"	11	8	0	1	7
"iam"	11	2	0	0	6
"ad"	11	3	1	1	7
"ubi"	10	3	0	1	3
"id"	10	3	0	0	3
"tu"	9	4	0	0	7
"tibi"	9	5	0	0	2
"quam"	9	6	0	1	10
"ego"	9	3	0	0	10
"tam"	8	2	0	0	1
"sed"	8	3	0	1	3
"quem"	8	2	0	0	1
"ne"	8	3	0	0	9
"animo"	8	2	0	0	3
"ac"	8	0	0	0	4
"tua"	7	0	0	0	1
"quid"	7	8	0	0	8
"nec"	7	2	0	0	5
"h<U+00E6>c"	7	1	0	1	1
"ab"	7	3	0	0	3
"quisquam"	6	0	0	0	1
"pro"	6	2	0	2	2
"O"	6	3	0	0	0
"vim"	5	1	0	0	1
"re"	5	2	0	0	2
"quis"	5	2	0	0	5
"qu<U+00E6>"	5	6	0	1	10
"per"	5	3	1	0	3
"nisi"	5	0	0	0	6
"inter"	5	1	0	1	2
"haut"	5	0	0	0	0
"apud"	5	0	0	0	0
"a"	5	4	0	0	4
"unde"	4	3	0	0	2
"sub"	4	1	0	0	3
"simul"	4	0	0	0	1
"se"	4	1	2	1	3
"saxo"	4	1	0	0	1
"quo"	4	2	0	1	2
"pr<U+00E6>sto"	4	0	0	0	0
"patris"	4	1	0	0	2
"molem"	4	0	0	0	0
"meum"	4	1	0	0	4
"mea"	4	4	1	0	1
"illius"	4	0	0	0	0
"hic"	4	3	0	0	8
"ea"	4	2	0	0	2
"dum"	4	0	0	0	1
"cui"	4	2	0	0	1
"contra"	4	1	0	1	1
"armis"	4	1	0	0	2
"Sed"	4	2	0	0	1
"Heu"	4	1	0	0	0
"{mecum}"	3	0	0	0	0
"vitam"	3	3	0	0	3
"viri"	3	1	0	0	1
"veste"	3	0	0	0	0
"tuo"	3	2	0	0	0
"tuam"	3	0	0	1	3
"suo"	3	0	0	0	1
"summam"	3	1	0	0	0
"summa"	3	2	0	0	0
"stirpe"	3	0	0	0	0
"sibi"	3	3	0	0	1
"sese"	3	3	0	1	3
"satis"	3	0	0	0	1
"sanguine"	3	5	0	0	0
"salsis"	3	0	0	0	0
"s<U+00E6>pe"	3	1	0	0	2
"quos"	3	0	0	0	1
"quibus"	3	3	0	0	3
"par"	3	0	0	0	1
"opera"	3	0	0	1	3
"nobis"	3	1	0	0	0
"mulier"	3	0	0	0	3
"mortalis"	3	0	0	0	0
"more"	3	0	0	0	0
"miser"	3	2	0	0	0
"mi"	3	2	0	0	2
"mecum"	3	0	0	0	0
"malis"	3	3	0	0	0
"magis"	3	1	0	0	1
"loco"	3	0	0	0	1
"ingenium"	3	0	0	0	1
"huic"	3	0	0	0	1
"hanc"	3	1	1	0	2
"genus"	3	2	0	0	0
"forte"	3	0	0	0	1
"finem"	3	0	0	0	0
"exuvias"	3	0	0	0	0
"e"	3	0	0	0	4
"cuncta"	3	0	0	0	0
"clarum"	3	0	0	0	0
"clam"	3	0	0	0	1
"bona"	3	1	0	0	0
"autem"	3	1	1	0	1
"auris"	3	2	0	0	0
"animum"	3	1	0	0	4
"an"	3	1	0	2	1
"alto"	3	2	0	0	0
"Ubi"	3	0	0	0	1
"Tu"	3	1	0	0	1
"Ita"	3	1	0	0	0
"{vicissitatemque}"	2	0	0	0	0
"{Egone}"	2	0	0	1	0
"vulgum"	2	0	0	0	0
"vos"	2	2	0	0	4
"vis"	2	0	0	0	1
"virum"	2	1	0	0	1
"virtutem"	2	1	0	0	0
"vi"	2	2	0	0	2
"vastitudo"	2	0	0	0	0
"vapore"	2	0	0	0	1
"vagus"	2	0	0	0	0
"urbem"	2	0	0	0	0
"undis"	2	0	0	0	0
"undas"	2	0	0	0	0
"umquam"	2	1	0	0	1
"ultro"	2	1	0	0	0
"ulla"	2	0	0	0	1
"tuum"	2	0	0	0	3
"tute"	2	0	0	1	0
"turbida"	2	0	0	0	0
"terricula"	2	0	0	0	0
"templum"	2	2	0	0	0
"tela"	2	0	0	0	0
"tecto"	2	0	0	0	0
"tamen"	2	0	0	1	5
"summum"	2	1	0	0	1
"summo"	2	0	0	0	0
"suas"	2	0	0	0	0
"suam"	2	1	0	0	0
"stirpem"	2	0	0	0	1
"stagna"	2	0	0	0	0
"sine"	2	0	0	1	2
"senium"	2	0	0	0	1
"semper"	2	1	0	0	1
"sat"	2	0	0	0	1
"s<U+00E6>vum"	2	0	0	0	1
"rem"	2	1	0	0	0
"religionem"	2	0	0	0	0
"regina"	2	0	0	0	1
"regias"	2	0	1	0	0
"regem"	2	0	0	1	0
"quadrupedum"	2	1	0	0	0
"qua"	2	0	0	0	2
"pr<U+00E6>"	2	0	0	0	0
"potis"	2	0	0	0	0
"plus"	2	2	0	0	0
"pecua"	2	0	0	1	0
"patria"	2	2	0	1	1
"pater"	2	2	0	0	4
"parvos"	2	0	0	0	0
"ore"	2	1	0	0	0
"omine"	2	0	0	0	0
"oculis"	2	0	0	0	1
"numquam"	2	2	0	0	1
"nullum"	2	0	0	0	0
"nostra"	2	0	0	0	0
"nos"	2	1	0	2	3
"nomen"	2	3	0	0	1
"nobilitas"	2	0	0	0	0
"nihil"	2	0	0	0	2
"natura"	2	0	0	0	0
"namque"	2	0	0	0	0
"multo"	2	0	0	0	0
"multis"	2	0	0	0	1
"multi"	2	1	0	0	0
"multa"	2	0	0	0	1
"morte"	2	0	0	0	0
"moles"	2	0	0	0	0
"modo"	2	1	0	0	1
"miseritudine"	2	0	0	0	0
"membra"	2	1	0	0	0
"meis"	2	1	0	0	0
"mei"	2	0	0	1	3
"mare"	2	2	0	0	2
"mala"	2	2	0	0	0
"m<U+0153>nia"	2	0	0	0	0
"lumen"	2	1	0	0	0
"luctus"	2	0	0	0	0
"locus"	2	0	0	0	0
"loca"	2	0	0	0	3
"litore"	2	0	0	0	1
"liberum"	2	0	0	0	1
"leto"	2	0	0	0	1
"lacrimarum"	2	0	0	0	0
"laborem"	2	0	0	0	0
"itiner"	2	0	0	0	3
"ita"	2	2	0	0	3
"istuc"	2	0	0	0	1
"iram"	2	0	0	2	0
"ipse"	2	3	0	0	0
"humili"	2	0	0	0	0
"huius"	2	0	0	0	0
"huc"	2	1	0	1	0
"honestitudo"	2	0	0	0	0
"hoc"	2	5	0	0	8
"his"	2	1	0	0	0
"hinc"	2	1	0	0	4
"hiemes"	2	0	0	0	0
"gradu"	2	0	0	0	2
"gnata"	2	0	0	0	0
"gloria"	2	0	0	0	1
"fortis"	2	0	0	0	0
"fors"	2	0	0	0	0
"fluctibus"	2	0	0	0	0
"flammeo"	2	0	0	0	1
"fidem"	2	1	0	0	1
"fas"	2	0	0	0	0
"fama"	2	0	0	0	2
"exspes"	2	0	0	0	0
"exerciti"	2	0	0	0	0
"eum"	2	0	0	1	0
"etsi"	2	1	0	0	2
"etiam"	2	2	0	0	1
"ei"	2	0	0	0	2
"eam"	2	0	0	0	2
"dolor"	2	0	0	0	0
"diu"	2	1	0	0	0
"discidia"	2	0	0	0	0
"demum"	2	0	0	0	0
"delubra"	2	0	0	0	0
"deinde"	2	0	0	0	0
"cura"	2	0	0	0	1
"cur"	2	0	0	0	0
"cuius"	2	0	0	0	2
"crepera"	2	0	0	0	0
"corpus"	2	2	0	0	3
"corpore"	2	1	0	0	0
"cor"	2	1	0	0	3
"consili"	2	0	0	0	0
"coniugem"	2	0	0	0	0
"certo"	2	0	0	0	0
"causa"	2	1	0	0	0
"capiti"	2	0	0	0	0
"c<U+00E6>litum"	2	2	0	0	1
"c<U+00E6>li"	2	3	0	0	0
"astu"	2	0	0	0	1
"armatus"	2	0	0	0	0
"aras"	2	0	0	0	0
"anxitudo"	2	0	0	0	0
"antiquam"	2	0	0	0	0
"anima"	2	1	0	0	0
"anim<U+00E6>"	2	0	0	0	0
"amici"	2	1	0	0	1
"alta"	2	1	0	0	0
"abietem"	2	0	0	0	0
"Semela"	2	0	0	0	0
"Quod"	2	0	0	0	0
"Quid"	2	5	0	0	2
"Nihil"	2	0	0	0	0
"Ne"	2	0	0	1	0
"Iovis"	2	2	0	0	0
"Fortuna"	2	0	0	0	0
"Egone"	2	0	0	1	0
"Ego"	2	1	0	0	0
"Aut"	2	0	0	0	0
"Achivis"	2	1	0	0	0
"{tempusque}"	1	0	0	0	0
"{tecum}"	1	0	0	0	0
"{tantasque}"	1	0	0	0	0
"{studiumque}"	1	0	0	0	0
"{spesque}"	1	0	0	0	0
"{senentque}"	1	0	0	0	0
"{secum}"	1	1	0	0	0
"{satin}"	1	0	0	0	0
"{remisque}"	1	0	0	0	0
"{pudetque}"	1	0	0	0	0
"{pigetque}"	1	0	0	0	1
"{pastorque}"	1	0	0	0	0
"{passimque}"	1	0	0	0	0
"{p<U+0153>nasque}"	1	0	0	0	0
"{nosque}"	1	0	0	0	0
"{multique}"	1	0	0	0	0
"{luctuque}"	1	0	0	0	0
"{languentque}"	1	0	0	0	0
"{fortunane}"	1	0	0	0	0
"{ferorque}"	1	0	0	0	0
"{eaque}"	1	0	0	0	0
"{claroque}"	1	0	0	0	0
"{cladesque}"	1	0	0	0	0
"{armisque}"	1	0	0	0	0
"{alguque}"	1	0	0	0	0
"{Viden}"	1	0	0	0	0
"{Tun}"	1	0	0	0	0
"{Qu<U+00E6>ue}"	1	0	0	0	0
"{Alpheumque}"	1	0	0	0	0
"vultus"	1	0	0	0	0
"vultum"	1	0	0	0	0
"vulneris"	1	0	0	0	0
"vox"	1	0	0	0	0
"vortices"	1	0	0	0	0
"vorsabili"	1	0	0	0	0
"volnus"	1	0	0	0	0
"volatilis"	1	0	0	0	0
"vocibus"	1	0	0	0	0
"voces"	1	0	0	0	0
"vitisator"	1	0	0	0	0
"vitio"	1	0	0	0	0
"vita"	1	2	0	0	0
"vit<U+00E6>"	1	1	0	0	0
"viscerum"	1	0	0	0	0
"viro"	1	0	0	0	0
"virile"	1	0	0	0	0
"virgini"	1	0	0	0	0
"vir"	1	0	0	0	0
"viperino"	1	0	0	0	0
"victum"	1	0	0	0	0
"vicissitatemque"	1	0	0	0	0
"vicem"	1	0	0	0	0
"vi<U+00E6>"	1	0	0	0	0
"vetustas"	1	0	0	0	0
"vetustam"	1	0	0	0	0
"vetera"	1	0	0	0	0
"vestra"	1	0	0	0	1
"vestitus"	1	0	0	0	0
"vestem"	1	1	0	0	0
"vertice"	1	0	0	0	0
"vero"	1	0	0	0	0
"veritatis"	1	0	0	0	0
"veribus"	1	0	0	0	0
"verbis"	1	0	0	0	0
"verbena"	1	0	0	0	0
"verba"	1	0	0	0	1
"vera"	1	1	0	0	0
"ventorum"	1	0	0	0	0
"ventis"	1	0	0	0	0
"veneno"	1	0	0	0	0
"ven<U+00E6>"	1	0	0	0	0
"vela"	1	0	0	0	0
"vel"	1	0	0	0	1
"vecors"	1	0	0	0	0
"vastitudine"	1	0	0	0	1
"vastitatis"	1	0	0	0	0
"vapos"	1	0	0	0	0
"vana"	1	0	0	0	0
"valvas"	1	0	0	0	0
"uti"	1	1	0	0	0
"usuram"	1	0	0	0	0
"usque"	1	0	0	0	0
"urbe"	1	1	0	0	0
"unum"	1	0	0	0	0
"unquam"	1	0	0	0	0
"unicam"	1	0	0	0	0
"unica"	1	0	0	0	0
"ungulis"	1	0	0	0	0
"undam"	1	0	0	0	0
"unda"	1	0	0	0	0
"umido"	1	0	0	0	0
"ultor"	1	0	0	0	0
"ullo"	1	1	0	0	0
"ulli"	1	0	0	0	0
"ulceris"	1	0	0	0	0
"uenenis"	1	0	0	0	0
"tyranno"	1	0	0	0	0
"tuto"	1	0	0	0	0
"turrem"	1	0	0	0	0
"turpi"	1	0	0	0	0
"turbinum"	1	0	0	0	0
"turbines"	1	0	0	0	1
"tunc"	1	0	0	0	0
"tumulis"	1	0	0	0	0
"tu<U+00E6>"	1	2	0	0	0
"trop<U+00E6>um"	1	0	0	0	0
"trop<U+00E6>a"	1	0	0	0	0
"tristis"	1	0	0	0	0
"tot"	1	0	0	0	0
"torvo"	1	0	0	0	0
"torrus"	1	0	0	0	0
"torris"	1	0	0	0	0
"tonsu"	1	0	0	0	0
"tonsillas"	1	0	0	0	0
"timor"	1	0	0	0	0
"timidam"	1	0	0	0	0
"timida"	1	0	0	0	0
"textis"	1	0	0	0	0
"tete"	1	0	0	0	0
"testis"	1	0	0	0	0
"tesqua"	1	0	0	0	0
"terris"	1	0	0	0	0
"terras"	1	0	0	0	0
"terrarum"	1	0	0	0	0
"terraest"	1	0	0	0	0
"terminis"	1	0	0	0	0
"tenebris"	1	0	0	0	0
"tempusque"	1	0	0	0	0
"tempus"	1	0	0	0	0
"templa"	1	2	0	0	1
"temeriter"	1	0	0	0	0
"temere"	1	0	0	0	0
"tecum"	1	0	0	0	0
"tardus"	1	0	0	0	0
"tardo"	1	0	0	0	0
"tarditie"	1	0	0	0	0
"tanto"	1	0	0	0	0
"tantasque"	1	0	0	0	0
"tantas"	1	0	0	0	0
"tanta"	1	1	0	0	0
"tali"	1	0	0	0	1
"taetre"	1	0	0	0	0
"tacite"	1	0	0	0	0
"tabificabili"	1	0	0	0	0
"t<U+00E6>tros"	1	0	0	0	0
"t<U+00E6>tritudo"	1	0	0	0	0
"t<U+00E6>tra"	1	0	0	0	0
"t<U+00E6>ter"	1	0	0	0	0
"t<U+00E6>niis"	1	1	0	0	0
"t<U+00E6>dis"	1	1	0	0	0
"supter"	1	0	0	0	0
"supremo"	1	0	0	0	0
"suppliciis"	1	0	0	0	0
"suppa"	1	0	0	0	0
"super"	1	0	0	0	1
"suis"	1	0	0	1	0
"subter"	1	0	0	0	0
"sublimo"	1	0	0	0	0
"sublime"	1	2	0	0	0
"sublima"	1	0	0	0	0
"subiti"	1	0	0	0	0
"suavem"	1	0	0	0	0
"suapte"	1	0	0	0	0
"stuprum"	1	0	0	0	0
"stupido"	1	0	0	0	0
"stupiditate"	1	0	0	0	0
"stupe"	1	0	0	0	0
"studiumque"	1	0	0	0	0
"studiosos"	1	0	0	0	0
"stridor"	1	0	0	0	1
"strages"	1	0	0	0	0
"sterili"	1	0	0	0	0
"sterilem"	1	0	0	0	0
"stellas"	1	1	0	0	0
"statur<U+00E6>"	1	0	0	0	0
"stabulo"	1	0	0	0	0
"stabilimen"	1	0	0	0	0
"squalitudine"	1	0	0	0	0
"squalitate"	1	0	0	0	0
"spiritu"	1	1	0	0	0
"spesque"	1	0	0	0	0
"spes"	1	0	0	0	0
"specus"	1	1	0	0	1
"speciem"	1	0	0	0	0
"sortis"	1	0	0	0	0
"sonitum"	1	0	0	0	0
"sonitu"	1	1	0	1	1
"somno"	1	0	0	0	1
"solitatem"	1	0	0	0	0
"solis"	1	0	0	1	0
"socru"	1	0	0	0	0
"socordia"	1	0	0	0	0
"socium"	1	0	0	0	1
"socios"	1	0	0	0	0
"silvestrum"	1	0	0	0	0
"silvas"	1	0	0	0	0
"silvani"	1	0	0	0	0
"silens"	1	0	0	0	0
"sicut"	1	0	0	0	0
"sic"	1	2	0	0	0
"setius"	1	0	0	0	0
"sermone"	1	0	0	0	0
"sepulchro"	1	0	0	0	0
"septem"	1	0	0	0	0
"seorsum"	1	0	0	0	0
"senio"	1	0	0	0	0
"seni"	1	0	0	0	0
"segnitate"	1	0	0	0	0
"segetem"	1	0	0	0	0
"segete"	1	0	0	0	0
"sedem"	1	0	0	0	0
"sede"	1	0	0	0	0
"secum"	1	1	0	0	0
"sceptrum"	1	0	0	0	1
"scelerum"	1	0	0	0	0
"scelere"	1	0	0	0	0
"scatebra"	1	0	0	0	0
"saxum"	1	0	0	0	1
"saxis"	1	1	0	0	1
"saxi"	1	0	0	0	1
"saxeum"	1	0	0	0	0
"saxeam"	1	0	0	0	0
"saxa"	1	1	0	0	0
"saucios"	1	0	0	0	0
"satu"	1	0	0	0	0
"satius"	1	0	0	0	0
"satin"	1	0	0	0	0
"satias"	1	0	0	0	1
"sanguinis"	1	0	0	0	1
"sanguen"	1	2	0	0	0
"sanctus"	1	0	0	0	0
"sanctitudo"	1	0	0	0	0
"sanctitudines"	1	0	0	0	0
"sanctam"	1	0	0	0	0
"salutis"	1	0	0	0	0
"salum"	1	1	0	0	0
"salti"	1	0	0	0	0
"salso"	1	0	0	0	0
"sagittis"	1	0	0	0	0
"saeua"	1	0	0	0	0
"saepe"	1	0	0	0	0
"sacris"	1	0	0	0	0
"s<U+00E6>viter"	1	1	0	0	0
"s<U+00E6>tas"	1	0	0	0	0
"rupem"	1	0	0	0	0
"rubore"	1	0	0	0	0
"rostris"	1	0	0	0	0
"rex"	1	0	0	0	0
"res"	1	1	0	0	2
"repente"	1	0	0	0	0
"remisque"	1	0	0	0	0
"regnum"	1	0	0	0	3
"regno"	1	0	0	0	2
"regni"	1	0	0	0	1
"regia"	1	0	0	0	0
"reges"	1	0	0	0	0
"recte"	1	1	0	0	0
"reciproca"	1	0	0	0	0
"raudus"	1	0	0	0	0
"ratum"	1	0	0	0	0
"rationem"	1	0	0	0	0
"ratione"	1	0	0	0	0
"ratio"	1	0	0	0	0
"rara"	1	0	0	0	0
"rapidas"	1	0	0	0	0
"radices"	1	0	0	0	0
"quovis"	1	0	0	0	1
"quot"	1	0	0	0	0
"quorum"	1	2	0	0	0
"quisque"	1	0	0	1	0
"quin"	1	1	0	0	0
"quietum"	1	0	0	0	0
"quicquam"	1	1	0	0	0
"quianam"	1	0	0	0	0
"quia"	1	1	0	0	0
"questu"	1	0	0	0	0
"quesdam"	1	0	0	0	0
"quemquam"	1	0	0	0	1
"quemcumque"	1	0	0	0	0
"quemadmodum"	1	0	0	0	0
"que"	1	0	0	0	0
"quas"	1	0	0	0	3
"quantum"	1	0	0	0	1
"quanto"	1	0	0	0	0
"quantam"	1	0	0	0	0
"qualis"	1	0	0	0	0
"quali"	1	0	0	0	0
"qu<U+00E6>nam"	1	0	0	0	0
"pulcrum"	1	0	0	0	0
"puerum"	1	0	0	0	0
"puer"	1	0	0	0	0
"publicam"	1	1	0	0	0
"prospectum"	1	1	0	0	1
"proram"	1	0	0	0	0
"propter"	1	3	0	0	0
"proprium"	1	0	0	0	0
"proprie"	1	0	0	0	0
"propria"	1	0	0	0	0
"propius"	1	0	0	0	0
"properiter"	1	0	0	0	1
"propemodum"	1	0	0	0	1
"prope"	1	0	0	0	2
"promptu"	1	0	0	0	0
"prolubium"	1	0	0	0	0
"proinde"	1	0	0	0	0
"profundo"	1	0	0	0	0
"profecto"	1	0	0	0	1
"prodigium"	1	0	0	0	1
"prodigiis"	1	0	0	0	0
"procerum"	1	0	0	0	0
"procellis"	1	0	0	0	0
"probrum"	1	0	0	0	0
"probris"	1	0	0	1	0
"probis"	1	0	0	0	0
"prius"	1	2	0	0	4
"pristina"	1	0	0	0	0
"principium"	1	0	0	0	0
"principio"	1	0	0	0	0
"primores"	1	0	0	0	0
"primo"	1	0	0	0	0
"prima"	1	0	0	0	0
"prave"	1	0	0	0	0
"prava"	1	0	0	0	0
"praeditum"	1	0	0	0	0
"pr<U+00E6>sens"	1	0	0	1	0
"pr<U+00E6>miis"	1	0	0	0	0
"pr<U+00E6>mia"	1	0	0	0	0
"pr<U+00E6>dam"	1	0	0	0	0
"pr<U+00E6>clara"	1	0	0	0	0
"potius"	1	0	0	0	0
"potestas"	1	0	0	0	0
"potens"	1	0	0	0	0
"postremo"	1	0	0	0	0
"postquam"	1	0	0	0	3
"postea"	1	0	0	0	0
"portu"	1	0	0	0	0
"portento"	1	0	0	0	0
"poplitum"	1	0	0	0	0
"pontus"	1	0	0	0	0
"plane"	1	0	0	0	0
"pinos"	1	0	0	0	0
"pinnis"	1	0	0	0	0
"pinnigero"	1	0	0	0	0
"pigrem"	1	0	0	0	0
"pestem"	1	1	0	0	1
"pessimum"	1	0	0	0	0
"pervico"	1	0	0	0	0
"pervicaciam"	1	0	0	0	0
"pervicacem"	1	0	0	0	0
"pertinaciam"	1	0	0	0	0
"pertinacem"	1	0	0	0	0
"pernici"	1	0	0	0	0
"permiti"	1	0	0	0	0
"perite"	1	0	0	0	0
"periclum"	1	0	0	0	0
"perfacile"	1	0	0	0	0
"penitus"	1	0	0	0	1
"pelagus"	1	0	0	0	1
"pecudes"	1	0	0	0	0
"pecuda"	1	0	0	0	0
"pectus"	1	1	0	0	0
"pectore"	1	0	0	0	1
"pavorem"	1	0	0	0	0
"pavore"	1	0	0	0	0
"pavidum"	1	0	0	0	0
"pausa"	1	0	0	0	0
"paulo"	1	0	0	0	0
"patrium"	1	0	0	0	0
"patriis"	1	0	0	0	0
"patre"	1	0	0	1	0
"pastorque"	1	0	0	0	0
"passimque"	1	0	0	0	0
"parvam"	1	0	0	0	0
"parva"	1	0	0	0	0
"parumper"	1	0	0	0	1
"partibus"	1	0	0	0	0
"partem"	1	0	0	0	0
"pariter"	1	1	0	0	1
"parens"	1	0	0	0	0
"paratus"	1	0	0	0	0
"pampino"	1	0	0	0	0
"pacto"	1	0	0	1	1
"p<U+0153>nasque"	1	0	0	0	0
"p<U+0153>nas"	1	0	0	0	0
"p<U+00E6>dore"	1	0	0	0	0
"oves"	1	0	0	0	0
"ostentum"	1	0	0	0	0
"ossibus"	1	0	0	0	1
"ortus"	1	0	0	0	0
"orbus"	1	0	0	0	0
"orbitudinis"	1	0	0	0	0
"oracla"	1	0	0	0	0
"optime"	1	0	0	0	0
"optima"	1	1	0	0	0
"opimas"	1	0	0	0	0
"opes"	1	0	0	0	0
"opere"	1	0	0	0	0
"opem"	1	0	0	0	0
"omnis"	1	1	0	1	2
"omnibus"	1	0	0	0	1
"omni"	1	0	0	0	0
"omnes"	1	1	0	1	5
"ominibus"	1	0	0	0	0
"ocius"	1	0	0	0	0
"occulto"	1	0	0	0	1
"occulte"	1	0	0	0	1
"occulta"	1	0	0	0	0
"occasio"	1	0	0	0	0
"obviam"	1	0	0	0	0
"obstinatus"	1	0	0	0	0
"obstinato"	1	0	0	0	0
"obsceno"	1	0	0	0	0
"obscena"	1	0	0	0	0
"obnoxium"	1	0	0	0	1
"ob<U+0153>diens"	1	0	0	0	0
"ob"	1	0	0	0	0
"numero"	1	0	0	0	0
"numen"	1	0	0	0	0
"nullust"	1	0	0	0	0
"nudus"	1	0	0	0	0
"noxitudo"	1	0	0	0	0
"nox<U+00E6>"	1	0	0	0	0
"novus"	1	0	0	0	0
"novem"	1	0	0	0	0
"notus"	1	0	0	0	0
"noto"	1	0	0	0	0
"nota"	1	0	0	0	0
"nostrum"	1	0	0	0	1
"nosque"	1	0	0	0	0
"nonne"	1	0	0	0	0
"nomine"	1	1	0	0	1
"nives"	1	0	0	0	0
"nitiditatem"	1	0	0	0	0
"nisus"	1	0	0	0	0
"nimbum"	1	0	0	0	1
"nimbis"	1	0	0	0	0
"ni"	1	0	0	0	4
"nervo"	1	0	0	0	0
"nemus"	1	0	0	0	0
"nemorum"	1	0	0	0	0
"nemore"	1	1	0	0	0
"nemo"	1	2	0	0	0
"nefas"	1	0	0	0	0
"navis"	1	1	0	0	0
"navem"	1	0	0	0	0
"naturam"	1	0	0	0	1
"natos"	1	0	0	0	0
"natis"	1	0	0	0	0
"mysteria"	1	0	0	0	0
"mutum"	1	0	0	0	0
"mutam"	1	0	0	0	0
"multique"	1	0	0	0	0
"multarum"	1	0	0	0	0
"mult<U+00E6>"	1	0	0	0	0
"muliebre"	1	0	0	0	0
"mos"	1	0	0	0	0
"mortalibus"	1	0	0	0	0
"morsu"	1	0	0	0	0
"mors"	1	0	0	0	0
"montibus"	1	0	0	0	0
"mons"	1	0	0	0	0
"modico"	1	0	0	0	0
"mitius"	1	0	0	0	0
"miti"	1	0	0	0	0
"miserum"	1	0	0	0	1
"miseriis"	1	0	0	0	0
"misericordia"	1	0	0	0	0
"miserias"	1	1	0	0	0
"misera"	1	0	0	0	1
"meus"	1	0	0	0	0
"metus"	1	0	0	0	2
"metu"	1	1	0	0	0
"meos"	1	0	0	0	0
"mensam"	1	0	0	0	0
"memorabilem"	1	0	0	0	0
"memet"	1	0	0	0	0
"melos"	1	0	0	1	0
"melo"	1	0	0	0	0
"medium"	1	0	0	0	0
"mediocri"	1	0	0	0	0
"medicina"	1	0	0	0	0
"med"	1	0	0	0	1
"meam"	1	0	0	0	1
"matutinum"	1	0	0	0	0
"matron<U+00E6>"	1	1	0	0	0
"matres"	1	0	0	0	0
"matrem"	1	1	0	0	0
"mari"	1	0	0	0	0
"manus"	1	1	0	0	0
"manu"	1	1	0	0	0
"mansuetum"	1	0	0	0	0
"mansues"	1	0	0	0	0
"manibus"	1	0	0	1	1
"malum"	1	1	0	0	0
"mali"	1	1	0	0	0
"male"	1	2	0	0	1
"maius"	1	0	0	0	0
"maior"	1	0	0	0	1
"maiestatem"	1	0	0	0	0
"magno"	1	0	0	0	0
"magnitate"	1	0	0	0	0
"magnam"	1	0	0	0	0
"macte"	1	0	0	0	0
"m<U+0153>ros"	1	0	0	0	0
"m<U+00E6>stitudo"	1	0	0	0	0
"m<U+00E6>stitiam"	1	0	0	0	0
"m<U+00E6>ror"	1	0	0	0	1
"luminis"	1	0	0	0	0
"lugubri"	1	0	0	0	0
"ludo"	1	0	0	0	0
"luctuum"	1	0	0	0	0
"luctuque"	1	0	0	0	0
"luctum"	1	0	0	0	0
"luctibus"	1	0	0	0	0
"lucifera"	1	0	0	0	0
"longo"	1	0	0	0	0
"locum"	1	0	0	0	0
"locos"	1	0	0	1	0
"litora"	1	0	0	0	0
"lingua"	1	0	0	0	1
"lingu<U+00E6>"	1	0	0	0	1
"limo"	1	0	0	0	0
"limine"	1	0	0	0	0
"liberorum"	1	0	0	0	0
"levis"	1	0	0	0	0
"levia"	1	0	0	0	0
"leniter"	1	0	0	0	0
"lenibus"	1	0	0	0	0
"lecto"	1	0	0	0	0
"laudis"	1	0	0	0	0
"laudi"	1	0	0	0	0
"laudem"	1	0	1	0	0
"latratu"	1	0	0	0	0
"lateri"	1	0	0	0	0
"late"	1	0	0	0	0
"lassitudo"	1	0	0	0	0
"largi"	1	0	0	0	0
"lanugo"	1	0	0	0	1
"lampade"	1	0	0	0	0
"lactem"	1	0	0	0	0
"lacrimis"	1	1	0	0	0
"lacerta"	1	0	0	0	0
"labunda"	1	0	0	0	0
"l<U+00E6>vo"	1	0	0	0	1
"l<U+00E6>vam"	1	1	0	0	0
"l<U+00E6>tum"	1	0	0	0	0
"l<U+00E6>titudine"	1	0	0	0	0
"ivi"	1	0	0	0	0
"iugum"	1	0	0	0	0
"iugulo"	1	0	0	0	0
"iterum"	1	0	0	0	0
"item"	1	0	0	0	0
"istum"	1	0	0	0	0
"istam"	1	0	0	0	2
"ist<U+00E6>c"	1	0	0	0	1
"is"	1	0	0	0	4
"iratum"	1	0	0	0	0
"ira"	1	0	0	1	1
"ipsum"	1	0	0	0	1
"ipsis"	1	0	0	0	0
"ips<U+00E6>"	1	0	0	0	0
"invita"	1	0	0	0	0
"invicta"	1	0	0	0	0
"intro"	1	0	0	0	0
"intra"	1	0	0	0	1
"internecionem"	1	0	0	0	0
"interea"	1	0	0	0	2
"interdum"	1	0	0	0	0
"insolentia"	1	0	0	0	0
"insignibus"	1	0	0	0	0
"insid<U+00E6>"	1	0	0	0	0
"inscitiast"	1	0	0	0	0
"insania"	1	0	0	0	0
"inpos"	1	0	0	0	0
"inmortales"	1	0	0	0	0
"inmemores"	1	0	0	0	0
"inmanis"	1	0	0	0	0
"inmani"	1	0	0	0	0
"iniquo"	1	0	0	0	0
"inimico"	1	0	0	0	0
"ingratifici"	1	0	0	0	0
"ingenti"	1	0	0	0	0
"ingenio"	1	1	0	1	4
"infideli"	1	0	0	0	0
"infantum"	1	0	0	0	0
"indomito"	1	0	0	0	0
"indocti"	1	0	0	0	0
"indignam"	1	0	0	0	0
"indecorabiliter"	1	0	0	0	0
"incommodis"	1	0	0	0	0
"incluta"	1	0	0	0	0
"incerto"	1	0	0	0	0
"impietas"	1	0	0	0	0
"impetum"	1	0	0	0	0
"impetibilis"	1	0	0	0	0
"imperitus"	1	0	0	0	0
"imperiost"	1	0	0	0	0
"imp<U+00E9>rium"	1	0	0	0	0
"immunes"	1	0	0	0	0
"immani"	1	0	0	0	0
"immane"	1	0	0	0	0
"illud"	1	0	0	0	1
"illos"	1	0	0	0	0
"illorum"	1	0	0	0	0
"illo"	1	0	0	0	1
"illis"	1	0	0	0	1
"ille"	1	0	0	2	0
"illam"	1	0	0	0	0
"ilico"	1	0	0	0	1
"ignota"	1	0	0	0	0
"ignis"	1	0	0	0	0
"ignavo"	1	0	0	0	0
"idem"	1	1	0	0	0
"ibi"	1	2	0	1	1
"hunc"	1	1	0	0	3
"humanam"	1	0	0	0	0
"humana"	1	1	0	0	0
"hostis"	1	0	0	0	0
"hostifice"	1	0	0	0	0
"hostico"	1	0	0	0	0
"hosti"	1	0	0	0	0
"hospitem"	1	1	0	0	0
"hospes"	1	0	0	0	0
"horum"	1	0	0	0	0
"horrificabili"	1	0	0	0	0
"horrifer"	1	0	0	0	0
"horrida"	1	0	0	0	2
"hominem"	1	0	0	0	0
"hocinest"	1	0	0	0	0
"hice"	1	0	0	0	0
"herbam"	1	0	0	0	0
"haudquaquam"	1	0	0	0	0
"haud"	1	0	0	0	1
"haec"	1	0	0	0	0
"hac"	1	0	0	0	3
"guttis"	1	0	0	0	0
"grummum"	1	0	0	0	0
"gressus"	1	0	0	0	0
"gravis"	1	0	0	0	0
"gravem"	1	0	0	0	0
"grave"	1	0	0	0	0
"gratum"	1	0	0	0	0
"gratia"	1	2	0	0	2
"grande"	1	0	0	0	0
"grand<U+00E6>vitas"	1	0	0	0	0
"gracilitudo"	1	0	0	0	0
"gnobilis"	1	0	0	0	0
"gnate"	1	0	0	0	2
"gnatam"	1	0	0	0	1
"gloriam"	1	2	0	0	0
"globosos"	1	0	0	0	0
"glauco"	1	0	0	0	0
"gentum"	1	0	0	0	0
"gentium"	1	0	0	0	0
"gentibus"	1	0	0	0	0
"genitorem"	1	0	0	0	0
"genitor"	1	0	0	0	0
"generum"	1	0	0	0	0
"generi"	1	0	0	0	0
"genere"	1	0	0	0	0
"gemitu"	1	0	0	0	1
"gelidas"	1	0	0	0	0
"fuscina"	1	0	0	0	0
"funesto"	1	0	0	0	0
"funesta"	1	0	0	0	0
"funerum"	1	0	0	0	0
"fulgentium"	1	0	0	0	0
"fugam"	1	0	0	0	0
"frugis"	1	0	0	0	0
"fruges"	1	0	0	0	1
"freto"	1	0	0	0	0
"frenos"	1	0	0	0	0
"fremitibus"	1	0	0	0	0
"fremibunda"	1	0	0	0	0
"fratris"	1	0	0	0	1
"frater"	1	0	0	0	0
"fortunis"	1	0	0	0	0
"fortunane"	1	0	0	0	0
"fortunam"	1	1	0	0	1
"fortun<U+00E6>"	1	0	0	0	0
"forti"	1	0	0	0	0
"form<U+00E6>"	1	0	0	0	0
"foco"	1	0	0	0	0
"fluxa"	1	0	0	0	0
"fluvi<U+00E6>"	1	0	0	0	0
"flumine"	1	0	0	0	0
"flori"	1	0	0	0	0
"florem"	1	0	0	0	0
"flora"	1	0	0	1	0
"fletu"	1	0	0	0	0
"flebilis"	1	0	0	0	0
"flammeus"	1	0	0	0	0
"flammam"	1	1	0	0	0
"flamm<U+00E6>"	1	0	0	0	0
"finis"	1	0	0	0	0
"figur<U+00E6>"	1	0	0	0	0
"fidelitate"	1	0	0	0	0
"fidam"	1	0	0	0	0
"fictor"	1	0	0	0	0
"fetis"	1	0	0	0	0
"fervido"	1	0	0	0	0
"ferum"	1	0	0	0	0
"ferro"	1	1	0	1	0
"ferox"	1	0	0	0	1
"ferorque"	1	0	0	0	0
"ferociam"	1	0	0	0	1
"feroci"	1	0	0	0	2
"feris"	1	0	0	1	0
"fere"	1	0	0	0	0
"feras"	1	0	0	0	0
"febris"	1	0	0	0	0
"faventiam"	1	0	0	0	0
"faustis"	1	0	0	0	0
"faucibus"	1	0	0	0	0
"fato"	1	0	0	0	0
"fati"	1	0	0	0	0
"famulitas"	1	0	0	0	1
"famulanter"	1	0	0	0	0
"fame"	1	0	0	0	1
"fam<U+00E6>"	1	0	0	0	0
"facultas"	1	0	0	0	0
"facul"	1	0	0	0	1
"factis"	1	0	0	1	0
"facinus"	1	1	0	0	0
"facilius"	1	0	0	0	0
"facile"	1	2	0	0	1
"exul"	1	0	0	0	0
"extorris"	1	0	0	0	0
"extispicium"	1	0	0	0	0
"expers"	1	0	0	0	0
"exilium"	1	0	0	0	1
"exilio"	1	1	0	0	0
"exercitus"	1	0	0	0	0
"exercitum"	1	0	0	0	0
"exemplis"	1	0	0	0	0
"execrabile"	1	0	0	0	0
"excelsa"	1	0	0	0	0
"eumpsum"	1	0	0	0	0
"euhie"	1	0	0	0	0
"error"	1	0	0	0	1
"erranti<U+00E6>"	1	0	0	0	0
"ergo"	1	0	0	0	0
"equis"	1	0	0	0	0
"equino"	1	0	0	0	0
"equidem"	1	0	0	0	0
"epularum"	1	0	0	0	0
"eos"	1	1	0	0	0
"eo"	1	0	0	2	2
"ense"	1	0	0	0	0
"enoda"	1	0	0	0	1
"enimuero"	1	0	0	0	0
"enim"	1	1	0	0	0
"eliminor"	1	0	0	0	0
"eiulatu"	1	0	0	0	0
"egregiam"	1	0	0	0	1
"ecquid"	1	0	0	0	0
"eaque"	1	0	0	0	0
"eandem"	1	1	0	0	0
"duo"	1	0	0	0	0
"dulcitas"	1	0	0	0	0
"ductor"	1	0	0	0	0
"dubia"	1	0	0	0	0
"dracontis"	1	0	0	0	0
"donec"	1	0	0	0	0
"domus"	1	1	0	0	0
"domuitione"	1	0	0	0	0
"domos"	1	0	0	0	0
"domo"	1	2	0	0	0
"dolore"	1	0	0	0	0
"dolo"	1	0	0	0	0
"divitias"	1	1	0	0	0
"dividos"	1	0	0	0	0
"dividia"	1	0	0	0	0
"dividi<U+00E6>"	1	0	0	0	0
"dispar"	1	0	0	0	0
"disertim"	1	0	0	0	0
"discordi<U+00E6>"	1	0	0	0	0
"diligentius"	1	0	0	0	0
"dignitas"	1	0	0	0	0
"dies"	1	0	0	0	0
"dicto"	1	0	0	0	0
"dictis"	1	1	0	0	2
"dicta"	1	1	0	0	1
"dia"	1	0	0	0	0
"di"	1	1	0	1	2
"deum"	1	3	0	0	0
"deteriorem"	1	0	0	0	0
"desubito"	1	0	0	0	0
"deserta"	1	0	0	0	0
"derepente"	1	2	0	0	0
"dementia"	1	0	0	0	0
"delphini"	1	0	0	0	0
"delitor"	1	0	0	0	0
"debilis"	1	0	0	0	0
"de"	1	2	0	0	6
"dapem"	1	0	0	0	0
"curuo"	1	0	0	0	0
"cursum"	1	0	0	0	0
"cursu"	1	0	0	0	0
"curru"	1	1	0	0	0
"curarum"	1	0	0	0	0
"curam"	1	0	0	0	1
"cupienter"	1	1	0	0	0
"cunctam"	1	0	0	0	0
"cuiquam"	1	0	0	0	0
"cuiatis"	1	0	0	0	0
"cruoris"	1	0	0	0	0
"cruorem"	1	0	0	0	0
"crudelitatem"	1	0	0	0	0
"cruciatus"	1	0	0	0	0
"crines"	1	0	0	0	1
"crepitu"	1	0	0	0	1
"coronam"	1	0	0	0	0
"corona"	1	1	0	0	0
"copulas"	1	0	0	0	0
"copia"	1	0	0	0	1
"conspectum"	1	0	0	0	0
"consimilem"	1	0	0	0	0
"consiliorum"	1	0	0	0	0
"consilio"	1	0	0	0	1
"coniugium"	1	0	0	0	0
"coniectura"	1	0	0	0	1
"confidentiam"	1	0	0	0	2
"coma"	1	0	0	0	1
"collum"	1	0	0	0	0
"collibus"	1	0	0	0	0
"colles"	1	0	0	0	1
"classis"	1	0	0	0	0
"classibus"	1	0	0	0	0
"classe"	1	0	0	0	0
"claroque"	1	0	0	0	0
"clamore"	1	0	0	0	1
"cladesque"	1	0	0	0	0
"clade"	1	0	0	0	0
"civium"	1	1	0	0	0
"cives"	1	1	0	0	1
"citatis"	1	0	0	0	0
"citati"	1	0	0	0	0
"circum"	1	1	0	0	1
"circulis"	1	0	0	0	0
"circlos"	1	0	0	0	0
"cineris"	1	0	0	0	0
"celsum"	1	0	0	0	0
"celsis"	1	0	0	0	0
"celsa"	1	0	0	0	0
"celeris"	1	0	0	1	0
"celebri"	1	0	0	0	0
"cedo"	1	0	0	0	0
"cautim"	1	0	0	0	0
"caute"	1	0	0	0	0
"castra"	1	1	0	0	0
"castitudinem"	1	0	0	0	0
"castis"	1	0	0	0	0
"caput"	1	1	0	0	0
"captivum"	1	0	0	0	0
"caprigenum"	1	0	0	0	0
"cantum"	1	0	1	0	0
"candido"	1	0	0	0	0
"campos"	1	0	0	0	0
"calvor"	1	0	0	0	0
"c<U+00E6>lum"	1	1	0	0	1
"c<U+00E6>lestum"	1	0	0	0	0
"c<U+00E6>lestium"	1	0	0	0	0
"c<U+00E6>cum"	1	0	0	0	0
"bonis"	1	1	0	0	0
"benivolentiam"	1	0	0	0	0
"benigne"	1	0	0	0	0
"beneficium"	1	0	0	0	0
"beneficio"	1	0	0	0	0
"benefici"	1	0	0	0	0
"bellum"	1	1	0	0	0
"bello"	1	0	0	0	0
"belli"	1	0	0	0	0
"barbaro"	1	0	0	0	0
"axe"	1	0	0	0	0
"auxilium"	1	1	0	0	0
"auxilio"	1	2	0	0	0
"auro"	1	1	0	0	0
"auribus"	1	0	0	0	0
"aurem"	1	0	0	0	0
"aurea"	1	0	0	0	0
"augustam"	1	0	0	0	0
"auguro"	1	0	0	0	0
"augurio"	1	0	0	0	0
"auguribus"	1	0	0	0	0
"augurem"	1	0	0	0	0
"augura"	1	0	0	0	0
"audaci"	1	0	0	0	0
"aucupo"	1	0	0	0	1
"au"	1	0	0	0	0
"atrocitatem"	1	0	0	0	0
"atratus"	1	0	0	0	0
"atra"	1	0	0	0	0
"at"	1	0	0	0	0
"ast"	1	0	0	0	0
"aspernabilem"	1	0	0	0	0
"ars"	1	0	0	0	0
"armum"	1	0	0	0	0
"armisque"	1	0	0	0	0
"armigero"	1	0	0	0	0
"armata"	1	0	0	0	0
"ardorem"	1	0	0	0	0
"ardore"	1	0	0	0	0
"arcem"	1	1	0	0	0
"arce"	1	0	0	0	0
"aquilonis"	1	0	0	0	0
"aptus"	1	0	0	0	1
"antistitam"	1	0	0	0	0
"antiquior"	1	0	0	0	0
"annuo"	1	0	0	0	0
"anni"	1	0	0	0	0
"animis"	1	0	0	0	0
"animi"	1	0	0	1	3
"animatus"	1	0	0	0	0
"animato"	1	0	0	0	0
"animam"	1	0	0	0	1
"angustitatem"	1	0	0	0	0
"anfracta"	1	0	0	0	0
"amplius"	1	0	0	0	0
"ampliter"	1	0	0	0	0
"amore"	1	1	0	0	1
"amni"	1	0	0	0	0
"amnem"	1	0	0	1	0
"amicum"	1	0	0	0	0
"amentia"	1	0	0	0	0
"amantem"	1	0	0	0	0
"am"	1	0	0	0	0
"alteros"	1	0	0	0	0
"alter"	1	0	0	0	0
"alte"	1	0	0	0	0
"aliud"	1	0	0	0	0
"aliquis"	1	0	0	0	0
"aliqua"	1	0	0	0	0
"aliis"	1	0	0	0	0
"alienos"	1	0	0	0	0
"alienas"	1	0	0	0	0
"alia"	1	1	0	0	0
"alguque"	1	0	0	0	0
"alacres"	1	0	0	0	0
"agrone"	1	0	0	0	0
"agris"	1	0	0	0	0
"agri"	1	0	0	0	0
"agnum"	1	0	0	0	0
"age"	1	0	0	0	1
"adytus"	1	0	0	0	0
"advorsum"	1	0	0	0	0
"advorsam"	1	0	0	0	0
"adverso"	1	0	0	0	0
"advena"	1	0	0	0	0
"adiutricem"	1	0	0	0	0
"aditum"	1	0	0	0	0
"adhuc"	1	0	0	0	0
"adfinitas"	1	0	0	0	0
"adfinis"	1	0	0	0	0
"adeo"	1	1	0	0	1
"acuum"	1	0	0	0	0
"actutum"	1	0	0	1	1
"acritudinem"	1	0	0	0	0
"acritas"	1	0	0	0	0
"acris"	1	0	0	0	0
"acrimoniam"	1	0	0	1	0
"acie"	1	0	0	0	1
"acervos"	1	0	0	0	0
"acerrimum"	1	0	0	0	0
"acerbum"	1	0	0	0	0
"acerbast"	1	0	0	0	0
"abundantem"	1	0	0	0	0
"abs"	1	1	0	0	3
"Vos"	1	0	0	2	0
"Volcania"	1	0	0	0	0
"Virtuti"	1	0	0	0	0
"Utinam"	1	1	0	0	0
"Ut"	1	1	0	2	1
"Urbe"	1	0	0	0	0
"Tyranni"	1	0	0	0	0
"Tyndareo"	1	0	0	0	1
"Tun"	1	0	0	0	0
"Tuam"	1	0	0	0	0
"Troia"	1	0	0	0	1
"Triton"	1	0	0	0	0
"Tot"	1	0	0	0	0
"Tonitru"	1	0	0	0	0
"Thyestes"	1	0	0	0	0
"Thyestem"	1	0	0	0	0
"Thessala"	1	0	0	0	0
"Thebis"	1	0	0	0	0
"Thebani"	1	0	0	0	0
"Tereus"	1	0	0	0	0
"Te"	1	0	0	0	0
"Tamen"	1	0	0	0	0
"Speciem"	1	0	0	0	0
"Sol"	1	1	0	0	1
"Silvicol<U+00E6>"	1	0	0	0	0
"Scrupeam"	1	0	0	0	0
"Scamandriam"	1	0	0	0	0
"Saxum"	1	0	0	0	0
"Salaminem"	1	0	0	0	0
"Regnum"	1	0	0	0	0
"Quodsi"	1	0	0	0	0
"Quo"	1	3	0	0	1
"Quis"	1	0	0	0	1
"Quin"	1	0	1	1	0
"Qui"	1	1	0	0	2
"Quem"	1	0	0	0	0
"Quanta"	1	0	0	0	0
"Quam"	1	1	0	0	1
"Qua"	1	1	0	0	2
"Qu<U+00E6>ue"	1	0	0	0	0
"Qu<U+00E6>"	1	2	0	0	1
"Prometheus"	1	0	0	0	0
"Proin"	1	0	0	0	0
"Prob<U+00E6>"	1	0	0	0	0
"Priamo"	1	1	0	0	0
"Pisis"	1	0	0	0	0
"Pis<U+00E6>a"	1	0	0	0	0
"Phrygiam"	1	0	0	0	0
"Phrygi<U+00E6>"	1	0	0	0	0
"Phryges"	1	0	0	0	0
"Ph<U+0153>nix"	1	0	0	0	0
"Perseu"	1	0	0	0	0
"Pelopiis"	1	0	0	0	0
"Pelopidarum"	1	0	0	0	0
"Pelopia"	1	0	0	0	0
"Pectora"	1	0	0	0	0
"Parnaso"	1	0	0	0	0
"Opinione"	1	0	0	0	0
"Omni"	1	0	0	0	0
"Ogygia"	1	0	0	0	0
"Oceani"	1	0	0	0	0
"Nunc"	1	0	0	0	0
"Numquam"	1	0	0	0	0
"Num"	1	0	0	0	0
"Non"	1	1	0	0	1
"Nisi"	1	0	0	0	0
"Neque"	1	0	0	0	0
"Nam"	1	7	1	1	1
"Mysii"	1	0	0	0	0
"Mulciber"	1	0	0	0	0
"Menelai"	1	0	0	0	0
"Meleagro"	1	0	0	0	0
"Melanippum"	1	0	0	0	0
"Medea"	1	2	0	0	0
"Mavortes"	1	0	0	0	0
"Maior"	1	0	0	0	0
"Luna"	1	0	0	0	0
"Lemnia"	1	0	0	0	0
"L<U+00E6>rtiade"	1	0	0	0	0
"Iterum"	1	0	0	0	0
"Itera"	1	0	0	0	0
"Ipsus"	1	0	1	0	0
"Iovi"	1	0	0	0	0
"Inclute"	1	0	0	0	0
"Inachi"	1	0	0	0	0
"Immo"	1	0	0	0	0
"Ilius"	1	0	0	0	0
"Idem"	1	0	0	0	0
"Id"	1	0	0	0	1
"Ibi"	1	1	0	0	0
"Iam"	1	1	0	2	0
"Hic"	1	0	0	0	0
"Hem"	1	0	0	0	0
"Hectora"	1	0	0	0	0
"H<U+00E6>c"	1	1	0	0	0
"Graium"	1	0	0	0	0
"Graio"	1	0	0	0	0
"Grai"	1	0	0	0	1
"Gr<U+00E6>ciam"	1	0	0	0	0
"Gr<U+00E6>cia"	1	0	0	0	0
"Europ<U+00E6>"	1	0	0	0	0
"Et"	1	0	0	0	1
"Eos"	1	0	0	0	0
"Em"	1	0	0	0	0
"Ecquis"	1	0	0	0	0
"Dionyse"	1	0	0	0	0
"Dicto"	1	0	0	0	0
"Deum"	1	0	0	0	0
"Demonassa"	1	0	0	0	0
"Daulide"	1	0	0	0	0
"Dardaniis"	1	0	0	0	0
"Danaos"	1	0	0	0	0
"Danai"	1	0	0	0	1
"Cur"	1	0	0	0	1
"Cuius"	1	0	0	0	1
"Comitem"	1	0	0	0	0
"Cith<U+00E6>ron"	1	0	0	0	0
"Camo"	1	0	0	0	0
"Calchas"	1	0	0	0	0
"Cadmogena"	1	0	0	0	0
"Cadmeide"	1	0	0	0	0
"Cabirum"	1	0	0	0	0
"Bene"	1	0	0	0	0
"Atreum"	1	0	0	0	0
"Atque"	1	0	0	0	0
"Atalant<U+00E6>"	1	0	0	0	0
"Arquitenens"	1	0	0	0	0
"Arma"	1	0	0	0	0
"Argos"	1	0	0	0	0
"Argivum"	1	0	0	0	0
"Argivos"	1	0	0	0	0
"Argivi"	1	0	0	0	0
"Argiuum"	1	0	0	0	0
"Antiloche"	1	0	0	0	0
"An"	1	0	0	0	0
"Amphilocum"	1	0	0	0	0
"Alpheumque"	1	0	0	0	0
"Ajax"	1	0	0	0	0
"Age"	1	0	0	0	0
"Agamemno"	1	0	0	0	0
"Achilli"	1	1	0	0	0
"<U+0152>neum"	1	0	0	0	0
"<U+00E6>tate"	1	0	0	0	3
"<U+00E6>stus"	1	0	0	0	0
"<U+00E6>rumnosum"	1	0	0	0	0
"<U+00E6>rumna"	1	0	0	0	1
"<U+00E6>re"	1	1	0	0	0
"<U+00E6>quora"	1	0	0	0	0
"<U+00E6>quam"	1	0	0	0	0
"{volucresque}"	0	0	0	0	1
"{und<U+00E6>que}"	0	0	0	0	1
"{tuque}"	0	1	0	0	1
"{temploque}"	0	0	1	0	0
"{tabetne}"	0	1	0	0	0
"{supraque}"	0	0	0	0	1
"{sis}"	0	0	0	1	0
"{seque}"	0	0	0	0	1
"{sempiterne}"	0	0	0	0	1
"{scabreque}"	0	0	0	0	1
"{recipitque}"	0	0	0	0	1
"{quove}"	0	1	0	0	0
"{quisve}"	0	0	0	0	1
"{quique}"	0	1	0	0	0
"{quicum}"	0	0	0	0	1
"{quantamque}"	0	0	0	0	1
"{pugnan}"	0	0	0	1	0
"{puerumque}"	0	1	0	0	0
"{populoque}"	0	0	0	0	1
"{plusque}"	0	0	0	0	1
"{perque}"	0	0	0	0	1
"{opibusque}"	0	0	0	0	1
"{operaque}"	0	0	0	0	1
"{omniumque}"	0	0	0	0	1
"{omenque}"	0	0	0	0	1
"{nostramque}"	0	0	0	0	1
"{noctisque}"	0	0	0	0	1
"{men}"	0	0	0	0	1
"{measque}"	0	1	0	0	0
"{magisque}"	0	0	0	0	1
"{lassitudinemque}"	0	0	0	0	1
"{indidemque}"	0	0	0	0	1
"{grand<U+00E6>vitasque}"	0	0	0	0	1
"{fortiterque}"	0	1	0	0	0
"{exiliumque}"	0	0	0	0	1
"{eumpse}"	0	0	0	0	1
"{eademque}"	0	1	0	0	0
"{corpusque}"	0	0	0	0	1
"{citroque}"	0	0	0	0	1
"{castrisque}"	0	1	0	0	0
"{annisque}"	0	0	0	0	1
"{Sollemnitusque}"	0	0	1	0	0
"{Solisque}"	0	0	0	0	1
"{Nihilne}"	0	0	0	0	1
"{Minitabiliterque}"	0	0	0	0	1
"{Mecum}"	0	0	0	0	1
"{Iamne}"	0	0	1	0	0
"{Hicine}"	0	0	0	0	1
"vulnere"	0	1	0	0	0
"vulgi"	0	0	0	0	1
"vostrorum"	0	1	0	0	0
"vorticem"	0	0	0	0	1
"voluptatem"	0	0	0	0	1
"volucresque"	0	0	0	0	1
"volucres"	0	0	0	1	0
"vocis"	0	0	0	0	1
"vitalem"	0	1	0	0	0
"visceratim"	0	1	0	0	0
"virtute"	0	2	0	0	2
"viros"	0	0	0	0	1
"virium"	0	0	0	0	1
"virili"	0	0	0	0	1
"virginis"	0	0	0	1	0
"virgines"	0	1	0	0	0
"vigiles"	0	1	0	0	0
"vidu<U+00E6>"	0	1	0	0	0
"victoria"	0	1	0	0	0
"viam"	0	1	0	0	1
"via"	0	0	0	1	1
"vestrorum"	0	0	0	0	1
"vestras"	0	1	0	0	0
"verecunde"	0	1	0	0	0
"verborum"	0	1	0	0	0
"venum"	0	0	0	0	1
"vento"	0	1	0	0	0
"venti"	0	0	0	0	2
"veniam"	0	0	0	0	1
"venenis"	0	0	0	0	1
"venatu"	0	0	0	1	0
"velivolas"	0	1	0	0	0
"vecordi"	0	0	0	0	1
"vastos"	0	1	0	0	0
"vast<U+00E6>"	0	1	0	0	0
"varie"	0	0	0	0	1
"vanitudine"	0	0	0	0	1
"valida"	0	1	0	0	0
"valentiam"	0	0	0	1	0
"vacua"	0	0	0	0	1
"va"	0	0	0	0	1
"utiquam"	0	1	0	0	0
"utinam"	0	2	0	0	1
"uter"	0	0	0	0	2
"usquam"	0	0	0	0	1
"uostrum"	0	0	1	0	0
"uos"	0	0	1	0	0
"unose"	0	0	0	0	1
"ungulum"	0	0	0	0	2
"undique"	0	0	0	0	1
"und<U+00E6>que"	0	0	0	0	1
"unanimitatem"	0	0	0	0	1
"ulcus"	0	0	0	0	1
"ubicumque"	0	0	0	0	1
"tyrannum"	0	0	0	0	1
"tutelam"	0	0	0	0	1
"tuta"	0	0	0	0	1
"tuque"	0	1	0	0	1
"tumulti"	0	1	0	0	0
"tum"	0	2	0	0	0
"truci"	0	0	0	0	1
"tristia"	0	0	0	0	1
"triplici"	0	0	0	0	1
"triplicem"	0	0	0	0	1
"transtros"	0	0	0	1	0
"transmissu"	0	0	0	0	1
"trabes"	0	1	0	0	0
"trabem"	0	1	0	0	0
"tosti"	0	1	0	0	0
"torvus"	0	0	0	0	1
"torvam"	0	0	0	0	1
"torrens"	0	0	0	0	1
"tonsillam"	0	0	0	0	1
"tonitru"	0	0	0	0	1
"timos"	0	0	0	1	0
"timido"	0	1	0	0	0
"timiditas"	0	0	0	0	1
"thesauri"	0	1	0	0	0
"testudo"	0	0	0	0	1
"tertias"	0	0	1	0	0
"terribilem"	0	1	0	0	0
"terram"	0	2	1	0	2
"terra"	0	2	0	0	1
"terr<U+00E6>"	0	2	0	0	1
"terminos"	0	0	0	1	0
"ter"	0	1	0	0	0
"tenebrica"	0	0	0	0	1
"tenebrae"	0	0	0	0	1
"tenacia"	0	1	0	0	0
"tempore"	0	0	0	0	1
"temploque"	0	0	1	0	0
"templo"	0	0	0	0	1
"tempestatibus"	0	0	0	0	1
"temeritudinem"	0	0	0	0	1
"ted"	0	1	0	0	1
"tectis"	0	1	0	0	0
"tardigrada"	0	0	0	0	1
"tarda"	0	1	0	0	0
"tandem"	0	1	0	0	1
"tamquam"	0	0	0	0	1
"tabo"	0	1	0	0	0
"tabetne"	0	1	0	0	0
"suum"	0	1	0	0	0
"suta"	0	0	0	0	1
"suspicionem"	0	2	0	0	0
"suspicio"	0	0	0	0	1
"supraque"	0	0	0	0	1
"superstitios<U+00E6>"	0	0	0	0	1
"suos"	0	1	0	0	0
"summis"	0	2	0	0	1
"summe"	0	2	0	0	0
"succussu"	0	0	0	0	1
"subscus"	0	0	0	0	1
"sublimen"	0	1	0	0	0
"sublimas"	0	1	0	0	0
"subito"	0	0	0	0	1
"subita"	0	0	0	0	1
"subinis"	0	0	0	0	1
"suavisonum"	0	0	0	1	0
"sua"	0	0	0	0	1
"stultus"	0	1	0	0	0
"studio"	0	0	0	0	1
"stolide"	0	1	0	0	0
"stirpis"	0	0	0	0	1
"stellis"	0	1	0	0	0
"stabulis"	0	0	0	0	2
"stabula"	0	0	0	0	1
"squam<U+00E6>"	0	1	0	0	0
"squales"	0	0	0	0	1
"squalam"	0	1	0	0	0
"splendidis"	0	1	0	0	0
"specum"	0	0	0	0	1
"spectu"	0	0	0	0	1
"specie"	0	0	1	0	0
"spatium"	0	0	0	0	1
"sparteis"	0	0	0	0	1
"spartam"	0	0	0	0	1
"sordidam"	0	1	0	0	0
"sono"	0	0	0	0	1
"sonitus"	0	1	0	0	0
"soniti"	0	0	0	0	1
"solus"	0	0	0	0	1
"sollicitum"	0	0	0	0	1
"sollicita"	0	0	0	0	1
"sole"	0	0	0	0	1
"solam"	0	0	0	1	0
"sola"	0	0	0	0	1
"sol"	0	1	0	0	2
"socii"	0	0	0	0	1
"sive"	0	0	0	0	1
"sireis"	0	0	0	0	1
"sinus"	0	0	0	0	1
"sincere"	0	1	0	0	0
"sin"	0	1	0	0	0
"simum"	0	0	1	0	0
"similitudine"	0	0	0	0	1
"signum"	0	0	0	0	1
"signa"	0	1	0	0	0
"sibilus"	0	0	0	0	1
"sexu"	0	0	0	0	1
"set"	0	1	0	0	3
"sermonem"	0	0	0	0	1
"serilibus"	0	0	0	0	1
"seque"	0	0	0	0	1
"sepulcrum"	0	1	0	0	0
"sententia"	0	0	0	0	1
"senex"	0	1	0	0	0
"senem"	0	0	0	0	1
"senectute"	0	1	0	0	0
"senectus"	0	0	0	0	2
"sempiterne"	0	0	0	0	1
"semitam"	0	1	0	0	0
"semesas"	0	0	0	0	1
"semel"	0	1	0	0	0
"seditio"	0	1	0	0	0
"sedes"	0	0	1	0	0
"securibus"	0	1	0	0	0
"scruposam"	0	0	0	0	1
"scrupea"	0	0	0	0	1
"scium"	0	0	0	0	1
"scelus"	0	1	0	0	0
"scelestum"	0	1	0	0	0
"sceleris"	0	1	0	0	0
"scabreque"	0	0	0	0	1
"saxea"	0	0	0	0	1
"saucius"	0	0	1	0	0
"saucia"	0	1	0	0	0
"sator"	0	0	0	0	1
"sapsa"	0	0	0	0	1
"sapientiam"	0	1	0	0	0
"sapientia"	0	0	0	0	1
"sapiens"	0	1	0	0	1
"sanie"	0	1	0	0	1
"saltus"	0	0	0	1	0
"saltu"	0	1	0	0	0
"salsa"	0	1	0	0	0
"saevis"	0	0	0	0	1
"s<U+00E6>vo"	0	2	0	0	0
"s<U+00E6>vi"	0	0	0	0	1
"s<U+00E6>ptuose"	0	0	0	0	1
"rursus"	0	1	0	0	0
"rursum"	0	0	0	0	1
"rudentum"	0	0	0	0	1
"rubicundo"	0	0	0	0	1
"robore"	0	0	0	0	1
"rietas"	0	0	0	0	1
"retro"	0	0	0	0	1
"reticentia"	0	0	0	0	1
"responsa"	0	0	0	0	1
"residem"	0	0	0	0	1
"rerum"	0	0	0	0	1
"repudio"	0	0	0	0	2
"repotialis"	0	0	0	0	1
"reliquias"	0	0	0	0	1
"regis"	0	1	0	0	0
"regimen"	0	1	0	0	0
"regi"	0	0	0	0	2
"regalis"	0	0	0	1	0
"reditum"	0	0	0	0	1
"rectum"	0	0	0	0	1
"rebus"	0	1	0	0	0
"reapse"	0	0	0	0	1
"ratem"	0	0	0	0	1
"rarenter"	0	1	0	0	0
"rapide"	0	0	0	0	1
"quove"	0	1	0	0	0
"quorsum"	0	0	0	0	2
"quoque"	0	0	0	0	1
"quondam"	0	0	0	1	0
"quonam"	0	0	0	0	1
"quom"	0	0	0	0	2
"quoius"	0	0	0	0	1
"quivi"	0	0	0	0	1
"quisve"	0	0	0	0	1
"quique"	0	1	0	0	0
"quidquid"	0	0	0	0	1
"quidquam"	0	0	0	0	1
"quidnam"	0	0	0	0	2
"quicum"	0	0	0	0	1
"ques"	0	0	0	0	2
"quemnam"	0	1	0	0	0
"quassu"	0	0	0	0	1
"quasi"	0	1	0	1	0
"quare"	0	0	0	0	1
"quantamque"	0	0	0	0	1
"quando"	0	0	0	0	2
"quamquam"	0	0	0	0	3
"quadrupedis"	0	0	0	1	0
"quadringentos"	0	1	0	0	0
"quadriiugo"	0	1	0	0	0
"putus"	0	1	0	0	0
"purus"	0	1	0	0	0
"purum"	0	1	0	0	0
"pulverem"	0	0	0	0	1
"pulsu"	0	1	0	0	0
"pugnan"	0	0	0	1	0
"pugnam"	0	0	0	0	1
"puerumque"	0	1	0	0	0
"pudor"	0	1	0	0	2
"pruina"	0	0	0	0	1
"protervo"	0	0	0	0	1
"protervitatem"	0	0	0	0	1
"prosus"	0	1	0	0	0
"prosperum"	0	0	0	0	1
"propterea"	0	1	0	0	0
"propinquitate"	0	0	0	0	1
"propere"	0	0	0	0	1
"promunturium"	0	0	0	0	1
"promissa"	0	0	0	0	1
"promerita"	0	0	0	0	1
"prolixitudine"	0	0	0	0	1
"prognatum"	0	0	0	1	0
"profundum"	0	0	0	0	1
"profectione"	0	0	0	0	1
"procul"	0	2	0	0	0
"procera"	0	0	0	0	1
"probitate"	0	0	0	0	1
"proavi"	0	1	0	0	0
"privem"	0	1	0	0	0
"primum"	0	0	0	0	2
"primordium"	0	0	0	0	1
"pretium"	0	0	0	1	0
"precibus"	0	0	0	0	1
"pr<U+00E6>ter"	0	1	0	1	0
"pr<U+00E6>sidio"	0	0	0	0	1
"pr<U+00E6>sidi"	0	1	0	0	0
"pr<U+00E6>mium"	0	0	0	0	1
"pr<U+00E6>grandi"	0	0	0	0	1
"pr<U+00E6>da"	0	0	1	0	0
"pr<U+00E6>cipitem"	0	0	0	0	1
"potior"	0	0	0	0	1
"potestatem"	0	0	0	0	2
"post"	0	0	0	0	1
"portum"	0	1	0	0	0
"portentum"	0	0	0	0	1
"porro"	0	0	0	0	2
"populum"	0	0	0	0	1
"populoque"	0	0	0	0	1
"plusque"	0	0	0	0	1
"pleros"	0	0	0	0	1
"plera"	0	0	0	0	1
"plagas"	0	1	0	0	0
"plaga"	0	0	0	0	1
"placide"	0	0	0	1	0
"piscium"	0	0	0	0	1
"pigra"	0	0	0	0	1
"pietas"	0	1	0	0	0
"philosopha"	0	0	0	0	1
"perverse"	0	1	0	0	0
"perque"	0	0	0	0	1
"perpetuo"	0	0	0	0	1
"perdita"	0	0	0	0	1
"penuriam"	0	0	0	0	1
"pellem"	0	1	0	0	0
"pedum"	0	2	0	0	0
"pedibus"	0	0	0	1	0
"pedetemptim"	0	0	0	0	1
"pedes"	0	3	0	0	0
"pedem"	0	2	0	0	1
"pecus"	0	0	1	0	1
"pectora"	0	0	0	0	1
"pavos"	0	0	0	1	1
"pavor"	0	1	0	0	1
"paupertas"	0	1	0	0	0
"pauperie"	0	1	0	0	0
"paucis"	0	0	0	0	2
"patriam"	0	0	0	0	2
"patri<U+00E6>"	0	1	0	0	0
"patri"	0	0	0	0	1
"patrem"	0	0	0	0	1
"paternum"	0	0	0	0	2
"patagiis"	0	0	0	1	0
"pastores"	0	1	0	0	0
"parvi"	0	0	0	0	1
"partu"	0	1	0	0	0
"partim"	0	0	0	0	1
"participes"	0	0	1	0	0
"parti"	0	0	0	0	1
"partes"	0	0	0	0	1
"parte"	0	0	0	0	1
"pars"	0	0	0	0	1
"parietes"	0	1	0	0	0
"parentum"	0	0	0	0	1
"parentis"	0	0	0	0	1
"parentem"	0	1	0	0	0
"palam"	0	0	0	0	1
"p<U+0153>t<U+00E6>"	0	0	0	0	1
"p<U+0153>nis"	0	0	0	1	0
"p<U+00E6>nitudine"	0	0	0	0	1
"p<U+00E6>ne"	0	0	0	0	1
"p<U+00E6>lici"	0	0	0	0	1
"otio"	0	1	0	0	0
"ostreis"	0	1	0	0	0
"ossuum"	0	0	0	0	1
"ordo"	0	1	0	0	0
"ordinem"	0	0	0	0	1
"orbitudine"	0	0	0	0	1
"orbitas"	0	0	0	0	1
"orba"	0	1	0	0	0
"orationis"	0	0	0	1	1
"orationem"	0	1	0	0	0
"oratione"	0	0	0	0	1
"oratio"	0	1	0	0	1
"opus"	0	0	0	0	1
"opulentum"	0	1	0	0	0
"opulenti"	0	1	0	0	0
"opulent<U+00E6>"	0	1	0	0	0
"optumates"	0	1	0	0	0
"optabili"	0	0	1	0	0
"oppidum"	0	1	0	0	1
"opis"	0	1	0	0	0
"opibusque"	0	0	0	0	1
"opibus"	0	1	0	0	0
"operaque"	0	0	0	0	1
"operam"	0	0	0	0	1
"ope"	0	1	0	0	0
"on"	0	1	0	0	0
"omniumque"	0	0	0	0	1
"omnium"	0	0	0	0	1
"omnipotens"	0	1	0	0	0
"omnia"	0	2	0	0	4
"omnem"	0	2	0	0	1
"omenque"	0	0	0	0	1
"officium"	0	0	0	0	2
"oculos"	0	0	1	0	0
"oculorum"	0	1	0	0	0
"occasu"	0	0	0	0	1
"obstupida"	0	0	0	0	1
"obstinati"	0	0	0	1	0
"obsitu"	0	0	0	1	0
"obsidionem"	0	1	0	0	0
"observationis"	0	1	0	0	0
"obscura"	0	1	0	0	0
"obnoxios<U+00E6>"	0	1	0	0	0
"o"	0	3	0	0	1
"nuptiis"	0	0	0	0	1
"nuntium"	0	1	0	0	0
"numeros"	0	1	0	0	0
"num"	0	0	0	0	1
"nubes"	0	0	0	0	1
"nova"	0	0	0	0	1
"nostros"	0	0	0	1	0
"nostris"	0	0	0	0	1
"nostri"	0	0	0	0	1
"nostramque"	0	0	0	0	1
"nostram"	0	0	0	0	1
"nomus"	0	1	0	0	0
"nomina"	0	1	0	0	0
"noctisque"	0	0	0	0	1
"noctis"	0	2	0	0	1
"noctes"	0	0	0	0	1
"nocte"	0	1	0	0	0
"niveo"	0	0	0	1	0
"nisu"	0	0	0	0	1
"nimis"	0	0	0	0	1
"neve"	0	1	0	0	1
"neu"	0	0	0	0	1
"nequiquam"	0	1	0	0	1
"negotium"	0	1	0	0	0
"negotio"	0	2	0	0	0
"negoti"	0	1	0	0	0
"necis"	0	0	0	0	1
"necem"	0	1	0	0	0
"navium"	0	0	0	0	1
"naves"	0	1	0	0	0
"nata"	0	0	0	0	1
"nat<U+00E6>"	0	0	1	0	0
"mutas"	0	0	0	1	0
"mussare"	0	1	0	0	0
"musico"	0	0	0	0	1
"murmuro"	0	0	0	0	1
"multos"	0	1	0	0	0
"multimodis"	0	0	0	0	1
"mulieri"	0	0	1	0	0
"muliebri"	0	0	0	0	1
"morum"	0	0	0	0	1
"mortualibus"	0	0	0	1	0
"mortem"	0	1	0	1	2
"mortales"	0	1	0	0	0
"morem"	0	1	0	0	0
"morbo"	0	1	0	0	0
"montem"	0	0	0	0	1
"mollitudo"	0	0	0	0	1
"mollitudine"	0	0	0	0	1
"molli"	0	0	0	0	1
"modis"	0	1	0	0	0
"modice"	0	1	0	0	0
"miseram"	0	2	0	0	1
"minis"	0	1	0	0	0
"militi<U+00E6>"	0	1	0	0	0
"meritus"	0	0	0	1	0
"mentem"	0	1	0	0	1
"men"	0	0	0	0	1
"memoria"	0	0	0	0	1
"melum"	0	0	0	0	1
"meliora"	0	0	0	0	1
"mediocriter"	0	0	0	0	1
"measque"	0	1	0	0	0
"meas"	0	1	0	0	0
"me<U+00E6>"	0	1	0	0	1
"maxume"	0	0	0	0	1
"maximum"	0	1	0	0	0
"maximo"	0	1	0	0	0
"matri"	0	0	0	0	1
"maternum"	0	0	0	0	1
"maria"	0	1	0	0	0
"manuum"	0	0	0	0	1
"manum"	0	0	0	1	0
"mane"	0	0	0	0	2
"mamma"	0	0	0	0	1
"malefactum"	0	0	0	0	1
"malam"	0	0	0	0	1
"malacis"	0	0	0	1	0
"maiorum"	0	0	0	0	1
"maiestas"	0	0	1	0	0
"magni"	0	1	0	0	0
"magna"	0	1	0	0	0
"magisque"	0	0	0	0	1
"macore"	0	0	0	0	1
"mach<U+00E6>ra"	0	1	0	0	0
"m<U+00E6>rore"	0	0	0	0	2
"lymphis"	0	0	0	0	1
"lux"	0	1	0	0	0
"luna"	0	1	0	0	0
"lumine"	0	1	0	0	0
"lumina"	0	0	0	1	0
"ludos"	0	0	0	0	1
"ludis"	0	1	0	0	0
"lucis"	0	0	0	1	0
"lubens"	0	0	1	0	0
"longinque"	0	1	0	0	0
"longeque"	0	0	0	2	0
"loci"	0	0	0	0	1
"lissimi"	0	0	0	0	1
"lino"	0	0	0	1	1
"linguis"	0	0	0	1	0
"linguam"	0	1	0	0	1
"licet"	0	0	0	0	1
"libertas"	0	1	0	0	0
"liberi"	0	0	0	1	0
"libere"	0	0	0	0	1
"lenitudo"	0	0	0	0	1
"lassitudinemque"	0	0	0	0	1
"lascivis"	0	1	0	0	0
"lasciviam"	0	0	0	0	1
"lasciuum"	0	0	1	0	0
"largifico"	0	0	0	0	1
"lapit"	0	0	0	0	1
"lapis"	0	1	0	0	0
"lapidem"	0	0	0	0	1
"lapide"	0	0	0	0	1
"lamentas"	0	0	0	0	1
"lacrum<U+00E6>"	0	1	0	0	0
"labos"	0	0	0	0	1
"l<U+00E6>va"	0	1	0	0	0
"l<U+00E6>to"	0	0	0	0	1
"l<U+00E6>ti"	0	0	0	0	1
"jurati"	0	0	0	0	1
"judicio"	0	0	0	0	1
"iuxtim"	0	0	1	0	0
"ius"	0	2	0	0	0
"iugo"	0	1	0	0	0
"iuge"	0	1	0	0	0
"itinere"	0	0	0	0	1
"iter"	0	2	0	0	0
"istunc"	0	0	0	0	1
"isti"	0	1	0	0	1
"isdem"	0	0	0	0	1
"irati"	0	1	0	0	0
"ipsus"	0	1	0	0	0
"ipso"	0	0	0	0	1
"ipsi"	0	1	0	0	0
"ipsa"	0	0	0	0	3
"invitam"	0	1	0	0	0
"intoleranda"	0	0	0	0	1
"interventum"	0	0	0	0	1
"interpretes"	0	0	0	0	1
"integro"	0	0	0	0	1
"integra"	0	0	0	0	1
"insveto"	0	0	0	0	1
"institutum"	0	1	0	0	0
"insomnia"	0	0	0	0	1
"insolens"	0	0	0	0	1
"insani"	0	1	0	0	0
"inprobati"	0	1	0	0	0
"inportem"	0	0	0	0	1
"inorata"	0	1	0	0	0
"inopia"	0	1	0	0	0
"innoxium"	0	1	0	0	0
"innocens"	0	1	0	1	0
"inluvie"	0	0	0	0	1
"inlicite"	0	0	0	1	0
"iniuros"	0	0	0	1	0
"iniurie"	0	0	0	1	0
"iniuriam"	0	0	0	0	1
"inimicitiam"	0	0	0	0	1
"inimicis"	0	0	0	0	1
"inibi"	0	0	0	0	1
"inhumatum"	0	0	0	0	1
"ingratum"	0	0	0	0	1
"ingenuum"	0	1	0	0	0
"ingens"	0	0	0	0	1
"ingeni"	0	0	0	1	0
"infrena"	0	1	0	0	0
"inflexu"	0	0	0	1	0
"infid"	0	0	0	0	1
"inferum"	0	1	0	0	0
"infernos"	0	0	0	0	1
"inferis"	0	0	0	0	1
"infera"	0	1	0	0	0
"infabre"	0	0	0	0	1
"inexorabilem"	0	0	0	0	1
"inertes"	0	1	0	0	0
"industria"	0	1	0	0	0
"indigne"	0	0	0	1	0
"indidemque"	0	0	0	0	1
"inde"	0	1	0	0	3
"incultos"	0	0	0	0	1
"inculta"	0	0	0	0	1
"incolumnis"	0	0	0	0	1
"incertum"	0	0	0	0	1
"incerte"	0	0	0	0	1
"incerta"	0	1	0	0	1
"inanima"	0	0	0	0	1
"impexa"	0	0	0	0	1
"imperium"	0	1	0	0	1
"imperio"	0	1	0	0	1
"imperator"	0	0	0	0	1
"imbri"	0	0	0	0	1
"imber"	0	1	0	0	0
"illuvie"	0	0	0	0	1
"illum"	0	1	0	0	9
"illuc"	0	2	0	0	0
"illinc"	0	1	0	0	1
"illic"	0	0	0	0	1
"iis"	0	1	0	0	0
"ignobiles"	0	1	0	0	1
"igni"	0	1	0	0	0
"ignava"	0	0	0	0	1
"iecore"	0	0	0	0	1
"idemst"	0	0	0	0	1
"id<U+00E6>"	0	0	0	0	1
"ictum"	0	0	0	0	1
"hymen<U+00E6>um"	0	0	0	0	1
"humilis"	0	0	0	0	1
"humilem"	0	0	0	0	1
"humanum"	0	1	0	0	1
"hostio"	0	0	0	0	1
"hostiis"	0	0	0	0	1
"hostes"	0	1	0	0	0
"hospius"	0	1	0	0	0
"hospitum"	0	0	0	0	1
"hospitio"	0	0	0	0	1
"hospiti"	0	0	0	0	1
"hospita"	0	0	0	0	1
"hortatricem"	0	0	0	0	1
"horror"	0	0	0	0	1
"horriferum"	0	0	0	0	1
"honoris"	0	1	0	0	0
"honore"	0	0	0	0	1
"homines"	0	0	0	2	1
"hodie"	0	1	0	0	0
"hi"	0	0	0	0	1
"heu"	0	0	0	0	2
"hasta"	0	1	0	0	0
"hast<U+00E6>"	0	1	0	0	0
"harena"	0	0	0	0	1
"h<U+00E6>ce"	0	0	1	0	0
"guttatim"	0	1	0	0	0
"gremiis"	0	0	0	0	1
"graviter"	0	1	0	0	1
"gravidus"	0	1	0	0	0
"gravidam"	0	0	0	0	1
"grato"	0	0	0	0	1
"grando"	0	0	0	0	1
"grand<U+00E6>vitasque"	0	0	0	0	1
"gradum"	0	2	0	0	1
"grados"	0	0	0	0	2
"gnatis"	0	0	0	0	1
"gnati"	0	0	0	0	1
"germane"	0	1	0	0	0
"genas"	0	0	0	0	1
"gemitum"	0	1	0	0	0
"geminitudinem"	0	0	0	0	1
"gemini"	0	0	0	0	1
"gemina"	0	0	0	0	1
"gaudium"	0	0	0	0	1
"futtilum"	0	1	0	0	0
"futtile"	0	1	0	0	0
"fulmine"	0	0	0	1	0
"fug<U+00E6>"	0	1	0	0	0
"frundiferos"	0	0	0	1	0
"frugum"	0	0	0	0	2
"fructus"	0	1	0	0	0
"fretus"	0	0	0	0	1
"freta"	0	1	0	0	0
"frequentes"	0	0	0	0	1
"fremitu"	0	0	0	0	1
"fraternum"	0	0	0	0	1
"fortuna"	0	1	0	0	0
"fortitudo"	0	0	0	0	1
"fortiterque"	0	1	0	0	0
"fortiter"	0	1	0	0	0
"formido"	0	0	0	0	1
"formam"	0	0	0	1	0
"forma"	0	0	0	0	1
"form"	0	1	0	0	0
"fores"	0	0	0	0	1
"foras"	0	1	0	0	0
"fonte"	0	0	0	2	0
"fluctus"	0	3	0	0	0
"flucti"	0	0	0	0	1
"floros"	0	0	0	0	1
"floris"	0	0	0	0	1
"flore"	0	0	0	0	1
"flictus"	0	0	0	0	1
"flexivice"	0	0	0	0	1
"flexanima"	0	0	0	0	1
"fletus"	0	0	0	0	2
"flavum"	0	0	0	0	1
"flavis"	0	0	0	0	1
"flammis"	0	0	0	1	0
"flammiferam"	0	1	0	0	0
"flamma"	0	2	0	0	1
"firmum"	0	1	0	0	0
"firmo"	0	1	0	0	0
"filios"	0	0	0	0	1
"filiis"	0	1	0	0	0
"figura"	0	0	0	0	1
"fide"	0	1	0	0	0
"fida"	0	1	0	0	0
"fetum"	0	0	0	0	2
"ferrum"	0	2	0	0	0
"ferocem"	0	0	0	0	1
"feri"	0	0	0	1	0
"ferarum"	0	0	0	0	1
"fer<U+00E6>"	0	0	0	0	1
"faustum"	0	0	0	0	1
"fana"	0	1	0	0	0
"famili<U+00E6>"	0	1	0	0	1
"famam"	0	2	0	1	0
"falsam"	0	1	0	0	0
"falsa"	0	0	0	0	2
"faciem"	0	0	0	1	0
"facie"	0	0	0	0	1
"facem"	0	2	0	0	0
"f<U+0153>de"	0	0	0	0	1
"extum"	0	0	0	0	1
"extremum"	0	0	0	0	1
"extra"	0	1	0	0	0
"extemplo"	0	0	0	0	1
"exortu"	0	0	0	0	1
"exordium"	0	1	0	0	0
"exitio"	0	0	0	0	1
"exiliumque"	0	0	0	0	1
"exili"	0	1	0	0	0
"eundem"	0	0	0	0	1
"eumpse"	0	0	0	0	1
"errore"	0	0	0	0	2
"erilis"	0	1	0	0	0
"erga"	0	0	0	0	2
"era"	0	1	0	0	0
"equus"	0	1	0	0	0
"epicroco"	0	0	0	1	0
"eodem"	0	0	0	0	1
"em"	0	1	0	0	0
"elinguem"	0	0	0	0	1
"eliminas"	0	1	0	0	0
"eius"	0	0	0	1	3
"egregiissima"	0	0	0	0	1
"egestas"	0	1	0	0	2
"egens"	0	1	0	0	0
"effectum"	0	0	0	0	1
"eccum"	0	0	0	0	1
"eccos"	0	0	0	0	1
"ecce"	0	1	0	0	0
"ebore"	0	1	0	0	0
"eademque"	0	1	0	0	0
"eadem"	0	1	0	0	2
"duriter"	0	1	0	0	0
"duis"	0	0	0	0	1
"dudum"	0	1	0	0	0
"dubium"	0	0	0	0	1
"drachumam"	0	2	0	0	0
"domutionem"	0	0	0	0	1
"domi"	0	3	0	0	0
"dolum"	0	1	0	0	0
"dolorem"	0	0	0	0	1
"dolis"	0	0	0	1	0
"divitiis"	0	1	0	0	0
"diversi"	0	0	0	0	1
"diutius"	0	0	0	0	1
"discorditate"	0	0	0	0	1
"dignum"	0	0	0	0	1
"diem"	0	1	0	0	2
"dictio"	0	0	0	0	3
"desiderio"	0	0	0	0	1
"deos"	0	0	0	0	1
"deo"	0	0	1	0	0
"delphos"	0	0	0	0	1
"custos"	0	1	0	0	0
"custodias"	0	0	0	1	0
"currum"	0	0	0	0	1
"cupido"	0	1	0	0	0
"cupiditas"	0	0	0	0	1
"cupida"	0	1	0	0	0
"cruciatum"	0	1	0	0	1
"cruciatu"	0	1	0	0	0
"crocotis"	0	0	0	1	0
"crispo"	0	0	0	0	1
"crispa"	0	1	0	0	0
"crinitus"	0	1	0	0	0
"creterris"	0	0	0	1	0
"crebro"	0	0	0	0	1
"corpusque"	0	0	0	0	1
"corporis"	0	2	0	1	2
"corpora"	0	1	0	0	0
"corde"	0	1	0	0	0
"copiis"	0	0	0	0	1
"copem"	0	0	0	0	1
"contumeliam"	0	0	0	0	1
"contumelia"	0	0	0	0	1
"conspectu"	0	0	0	0	1
"consilium"	0	1	0	0	2
"consiliis"	0	1	0	0	0
"consanguineam"	0	0	0	0	1
"conjugem"	0	0	0	0	1
"conjuge"	0	0	0	0	1
"conjectura"	0	0	0	0	2
"confidentia"	0	1	0	1	1
"conditiones"	0	1	0	0	0
"concubio"	0	1	0	0	0
"concorditatem"	0	0	0	0	1
"compotem"	0	0	0	1	0
"complexu"	0	0	0	0	1
"compagem"	0	0	0	0	1
"comminus"	0	1	0	0	0
"colore"	0	0	0	0	1
"colchis"	0	1	0	0	0
"clupeo"	0	1	0	0	0
"clipeo"	0	1	0	0	0
"classem"	0	0	1	0	1
"claro"	0	0	0	1	0
"clamoris"	0	1	0	0	0
"clamide"	0	0	0	0	1
"cladem"	0	0	0	0	2
"civitas"	0	0	0	0	2
"citroque"	0	0	0	0	1
"cette"	0	1	0	1	1
"cetera"	0	1	0	0	0
"cervicum"	0	0	0	0	1
"cervice"	0	0	0	0	1
"celsos"	0	0	0	1	0
"cava"	0	1	0	0	0
"causam"	0	0	0	0	1
"castrisque"	0	1	0	0	0
"castris"	0	1	0	0	0
"cardine"	0	1	0	0	0
"capite"	0	0	0	0	2
"canis"	0	0	0	0	1
"candorem"	0	0	0	0	1
"candor"	0	0	0	1	0
"candidum"	0	1	0	0	0
"candentem"	0	1	0	0	0
"camterem"	0	0	0	0	1
"camilla"	0	0	0	0	1
"calumina"	0	0	0	0	1
"caligo"	0	1	0	0	0
"caelum"	0	0	0	0	1
"c<U+00E6>lo"	0	3	0	0	0
"c<U+00E6>lestis"	0	0	0	0	1
"brutum"	0	0	0	0	1
"brevi"	0	0	0	0	1
"bracchium"	0	0	0	0	1
"bracchio"	0	0	0	0	1
"boni"	0	0	0	0	1
"blandi"	0	1	0	0	0
"blandam"	0	0	0	0	1
"bisulcis"	0	0	0	0	1
"bipedes"	0	0	0	1	0
"bigis"	0	1	0	0	0
"benefacta"	0	0	0	0	1
"bene"	0	3	0	0	3
"belvarum"	0	1	0	0	1
"barbaricam"	0	0	0	0	1
"barbarica"	0	1	0	0	0
"babium"	0	1	0	0	0
"axim"	0	0	0	0	1
"avium"	0	0	0	0	1
"avide"	0	1	0	0	0
"avi"	0	1	0	0	0
"auxiliis"	0	0	0	0	1
"autumno"	0	0	0	0	1
"ausu"	0	0	0	0	1
"auspicium"	0	0	0	0	1
"aures"	0	2	0	0	0
"auratum"	0	1	0	0	0
"auram"	0	0	0	0	1
"aula"	0	0	0	0	1
"augurium"	0	0	0	0	1
"attrectatu"	0	0	0	0	1
"atrocem"	0	0	0	0	1
"atro"	0	1	0	0	0
"asperis"	0	1	0	0	0
"aspera"	0	0	0	0	1
"aspectum"	0	0	0	0	1
"aspectu"	0	1	0	0	1
"arvas"	0	0	0	1	0
"artus"	0	0	0	0	1
"arte"	0	0	0	0	1
"armentas"	0	0	0	0	1
"armatos"	0	1	0	0	0
"armatis"	0	1	0	0	0
"armamentum"	0	0	0	0	1
"arma"	0	1	0	0	0
"arietis"	0	1	0	0	0
"arido"	0	0	0	0	1
"argutis"	0	0	0	1	0
"argo"	0	1	0	0	0
"ardua"	0	1	0	0	1
"ardentibus"	0	1	0	0	0
"arbusta"	0	0	0	1	0
"arbores"	0	1	0	0	0
"aram"	0	1	0	0	0
"ara"	0	0	0	0	1
"ar<U+00E6>"	0	1	0	0	0
"aquam"	0	0	0	1	0
"aperte"	0	0	0	0	1
"anxitudine"	0	0	0	0	1
"anuis"	0	1	0	0	0
"antiquum"	0	0	0	0	1
"antiquo"	0	1	0	0	0
"antiqui"	0	0	0	0	1
"antiqua"	0	1	0	0	0
"anticum"	0	1	0	0	0
"ante"	0	1	0	0	1
"annos"	0	1	0	0	0
"annisque"	0	0	0	0	1
"animus"	0	3	0	0	1
"anime"	0	0	0	0	1
"animatum"	0	1	0	0	0
"animali"	0	0	0	0	1
"anguina"	0	0	0	0	1
"angues"	0	0	0	1	0
"amplus"	0	0	0	0	1
"amoris"	0	1	0	0	0
"amnis"	0	0	0	2	0
"amidio"	0	1	0	0	0
"amictus"	0	0	0	1	0
"amico"	0	0	0	0	1
"amiciter"	0	0	0	0	1
"amentiam"	0	0	0	0	1
"ambo"	0	1	0	0	0
"alvei"	0	0	0	0	1
"alumnum"	0	0	0	0	1
"altum"	0	1	0	0	2
"altos"	0	0	0	1	0
"altisono"	0	2	0	0	0
"alti"	0	1	0	0	0
"alteri"	0	1	0	0	0
"altercas"	0	0	0	0	1
"altaribus"	0	0	0	0	1
"altam"	0	1	0	0	0
"aliquod"	0	1	0	0	0
"alii"	0	1	0	0	0
"alieno"	0	0	0	0	1
"alieni"	0	0	0	0	1
"ali<U+00E6>"	0	1	0	0	0
"agrestis"	0	0	0	0	1
"agrestia"	0	0	0	0	1
"aecum"	0	0	0	0	1
"adversum"	0	1	0	0	0
"adversarios"	0	1	0	0	0
"adversam"	0	0	0	0	1
"adventus"	0	0	0	0	1
"advenas"	0	0	0	0	1
"adfinem"	0	0	0	0	1
"actu"	0	0	0	0	1
"acrem"	0	0	0	1	0
"abiete"	0	1	0	0	0
"abiegna"	0	1	0	0	0
"abhinc"	0	0	0	0	1
"Vultum"	0	0	0	0	1
"Vulcani"	0	0	0	1	0
"Valv<U+00E6>"	0	0	0	0	1
"Unde"	0	0	0	0	1
"Umidas"	0	1	0	0	0
"Ulixi"	0	0	0	0	1
"Ulixes"	0	0	0	0	1
"Ulixem"	0	1	0	0	0
"Ubis"	0	0	0	1	0
"Tuos"	0	0	0	1	0
"Tum"	0	1	1	0	0
"Troi<U+00E6>"	0	1	0	0	0
"Thyrsiger<U+00E6>"	0	0	0	1	0
"Thessalum"	0	0	0	0	1
"Teucrum"	0	0	0	0	1
"Temo"	0	1	0	0	0
"Telamonis"	0	1	0	0	0
"Tegea"	0	0	0	0	1
"Suo"	0	1	0	1	0
"Sublime"	0	0	0	1	0
"Sollemnitusque"	0	0	1	0	0
"Solisque"	0	0	0	0	1
"Si"	0	0	0	0	1
"Set"	0	1	0	0	0
"Senex"	0	1	0	0	0
"Se"	0	0	0	1	0
"Scamander"	0	1	0	0	0
"Salaminam"	0	0	0	0	1
"S<U+00E6>viter"	0	1	0	0	0
"Quaque"	0	0	0	1	0
"Quantis"	0	1	0	0	0
"Quadrupes"	0	0	0	0	1
"Proinde"	0	0	0	1	0
"Pro"	0	0	0	0	1
"Priami"	0	1	0	0	0
"Phrygum"	0	0	0	0	1
"Pergamo"	0	0	0	0	1
"Pergama"	0	1	1	0	0
"Pelio"	0	1	0	0	0
"Peli<U+00E6>"	0	1	0	0	0
"Pelei"	0	0	0	0	1
"Parum"	0	0	0	0	1
"Parthenopaeum"	0	0	0	0	1
"Parim"	0	1	0	0	0
"Pallis"	0	0	0	1	0
"Otioso"	0	1	0	0	0
"Otio"	0	1	0	0	0
"Orestes"	0	0	0	0	1
"Orci"	0	1	0	0	0
"Omnes"	0	0	0	1	0
"Nos"	0	1	0	0	0
"Nonne"	0	0	0	0	2
"Nihilne"	0	0	0	0	1
"Nerei"	0	1	1	0	0
"Nepa"	0	1	0	0	0
"Nemo"	0	0	1	0	0
"Myrmidonum"	0	1	0	0	0
"Multis"	0	1	0	0	0
"Multi"	0	2	0	0	0
"Mortis"	0	1	0	0	0
"More"	0	1	0	0	0
"Minitabiliterque"	0	0	0	0	1
"Mi"	0	0	0	0	1
"Menelaus"	0	1	0	0	0
"Melius"	0	1	0	0	0
"Melanippe"	0	0	0	0	1
"Medeai"	0	1	0	0	0
"Mecum"	0	0	0	0	1
"Mater"	0	0	0	0	2
"Manubi<U+00E6>"	0	0	0	1	0
"Male"	0	1	0	0	0
"Macte"	0	0	0	0	1
"Lycurgam"	0	0	0	1	0
"Liberum"	0	1	0	0	0
"Liberi"	0	0	0	1	2
"Liber"	0	0	0	0	1
"Late"	0	0	0	1	0
"Juppiter"	0	1	0	1	0
"Iuppiter"	0	1	0	1	0
"Is"	0	0	0	0	1
"Iovem"	0	1	0	0	0
"Interea"	0	1	0	0	1
"Incerte"	0	1	0	0	0
"In"	0	1	0	0	0
"Ignoti"	0	0	0	0	1
"Ignot<U+00E6>"	0	0	0	1	0
"Iamne"	0	0	1	0	0
"Hominem"	0	1	0	0	0
"Hoc"	0	1	0	0	1
"Hippotem"	0	0	0	0	1
"Hicine"	0	0	0	0	1
"Hectorem"	0	1	0	0	0
"Hector"	0	3	0	0	0
"Haec"	0	1	0	0	0
"Graios"	0	0	0	0	1
"Graia"	0	0	0	0	1
"Exul"	0	0	0	0	1
"Ex"	0	1	0	0	1
"Eheu"	0	1	0	0	0
"Eam"	0	0	0	1	0
"Ea"	0	1	0	0	0
"Dolor"	0	0	0	0	1
"Diana"	0	1	0	0	0
"Diabathra"	0	0	0	1	0
"Desubito"	0	0	0	1	0
"Delphicus"	0	1	0	0	0
"Delfis"	0	0	0	0	1
"De"	0	1	0	0	0
"Danais"	0	0	0	0	1
"Cupido"	0	1	0	0	0
"Cui"	0	1	0	0	0
"Corinthum"	0	1	0	0	0
"Colchis"	0	1	0	0	0
"Clytemnestra"	0	0	1	0	0
"Certum"	0	0	0	0	1
"Cereris"	0	1	0	0	0
"Cedo"	0	0	0	0	1
"Capra"	0	1	0	0	0
"Capherei"	0	0	0	0	1
"Calypsonem"	0	0	0	0	1
"C<U+00E6>rule<U+00E6>"	0	1	0	0	0
"C<U+00E6>lo"	0	1	0	0	0
"Bacchico"	0	0	0	1	0
"Bacchi"	0	0	0	0	1
"Bacch<U+00E6>"	0	0	0	1	0
"Athenas"	0	1	0	0	0
"At"	0	1	0	0	0
"Astrologorum"	0	1	0	0	0
"Arcum"	0	1	0	0	0
"Arce"	0	1	0	0	0
"Arcadi<U+00E6>"	0	0	0	0	1
"Apollo"	0	2	0	0	0
"Andromach<U+00E6>"	0	1	0	0	0
"Alter"	0	1	0	0	0
"Alte"	0	0	0	1	0
"Alii"	0	0	0	1	0
"Alexandrum"	0	2	0	0	0
"Aiacem"	0	1	0	0	0
"Achivos"	0	1	0	0	1
"Achivi"	0	0	0	0	1
"Acherusia"	0	1	0	0	0
"Acherontem"	0	1	0	0	0
"A"	0	1	0	0	0
"<U+0152>ax"	0	0	0	0	1
"<U+00E6>thera"	0	0	0	0	1
"<U+00E6>ther"	0	0	0	0	1
"<U+00E6>ternum"	0	0	0	0	1
"<U+00E6>tatem"	0	1	0	0	2
"<U+00E6>tas"	0	0	0	0	2
"<U+00E6>stuosam"	0	0	0	0	1
"<U+00E6>stu"	0	0	0	1	2
"<U+00E6>sti"	0	0	0	0	1
"<U+00E6>rumnis"	0	1	0	0	1
"<U+00E6>quum"	0	1	0	0	0
"<U+00E6>quiter"	0	0	1	0	1
"<U+00E6>que"	0	1	0	0	1
"<U+00E6>quales"	0	0	0	0	2
"<U+00E6>qua"	0	1	0	0	0
"<U+00E6>gritudo"	0	0	0	0	1
"<U+00E6>gritudine"	0	0	0	0	1
"<U+00E6>gre"	0	0	0	0	2
"<U+00E6>gra"	0	1	0	0	0
"<U+00E6>gerrume"	0	1	0	0	0
"<U+00E6>dis"	0	1	0	0	0
"<U+00E6>cum"	0	1	0	0	0
"<U+00C6>vom"	0	0	0	0	1
"<U+00C6>tnam"	0	0	0	0	1
"<U+00C6>tas"	0	0	0	0	1
"<U+00C6>s"	0	1	0	0	0
"<U+00C6>gisthi"	0	0	0	0	1
"<U+00C6>aeam"	0	0	0	0	1
"<U+00C6>aci"	0	1	0	0	0
