token	lemma	pos	morph	Dis	treated
Ita	ita	ADV	Deg=Pos	_	Ita
magni	magnus	ADJqua	Case=Nom|Numb=Plur|Gend=Masc|Deg=Pos	_	magni
fluctus	fluctus	NOMcom	Case=Nom|Numb=Plur	_	fluctus
eiciebantur	eicio	VER	Numb=Plur|Mood=Ind|Tense=Impa|Voice=Pass|Person=3	_	eiciebantur
.	.	PUNC	MORPH=empty	_	--IGN.--
.	.	PUNC	MORPH=empty	_	--IGN.--
.	.	PUNC	MORPH=empty	_	--IGN.--
.	.	PUNC	MORPH=empty	_	--IGN.--
.	.	PUNC	MORPH=empty	_	--IGN.--
.	.	PUNC	MORPH=empty	_	--IGN.--
.	.	PUNC	MORPH=empty	_	--IGN.--
per	per	PRE	MORPH=empty	_	per
ego	ego	PROper	Case=Nom|Numb=Sing	_	ego
deum	deus	NOMcom	Case=Acc|Numb=Plur	_	deum
sublimas	sublima	NOMcom	Case=Acc|Numb=Plur|Deg=Pos	_	sublimas
subices	subico	VER	Numb=Plur|Mood=Ind|Tense=Fut|Voice=Act|Person=2	1	subices
Umidas	humidus	ADJqua	Case=Acc|Numb=Plur|Gend=Fem|Deg=Pos	_	Umidas
,	,	PUNC	MORPH=empty	_	--IGN.--
unde	unde1	ADVrel	MORPH=empty	2	unde
oritur	orior	VER	Numb=Sing|Mood=Ind|Tense=Pres|Voice=Pass|Person=3	_	oritur
imber	imber	NOMcom	Case=Nom|Numb=Sing	_	imber
sonitu	sonitus	NOMcom	Case=Abl|Numb=Sing	_	sonitu
sævo	saeuus	ADJqua	Case=Abl|Numb=Sing|Gend=MascNeut|Deg=Pos	_	saeuo
et	et2	CONcoo	MORPH=empty	2	et
spiritu	spiritus	NOMcom	Case=Abl|Numb=Sing	_	spiritu
.	.	PUNC	MORPH=empty	_	--IGN.--
Prolato	profero	VER	Case=Abl|Numb=Sing|Gend=MascNeut|Mood=Par|Tense=Perf|Voice=Pass	_	Prolato
ære	aes	NOMcom	Case=Abl|Numb=Sing	_	aere
astitit	asto	VER	Numb=Sing|Mood=Ind|Tense=Perf|Voice=Act|Person=3	_	astitit
.	.	PUNC	MORPH=empty	_	--IGN.--
.	.	PUNC	MORPH=empty	_	--IGN.--
.	.	PUNC	MORPH=empty	_	--IGN.--
nam	nam	CONcoo	MORPH=empty	_	nam
consiliis	consilium	NOMcom	Case=Abl|Numb=Plur	_	consiliis
obvarant	obuo	VER	Numb=Plur|Mood=Ind|Tense=Pqp|Voice=Act|Person=3	_	obuarant
,	,	PUNC	MORPH=empty	_	--IGN.--
quibus	qui1	PROrel	Case=Dat|Numb=Plur|Gend=Com	1	quibus
tam	tam	ADV	Deg=Pos	_	tam
concedit	concedo1	VER	Numb=Sing|Mood=Ind|Tense=Pres|Voice=Act|Person=3	1	concedit
ordo	ordo	NOMcom	Case=Nom|Numb=Sing	_	ordo
.	.	PUNC	MORPH=empty	_	--IGN.--
Quo	qui1	PROrel	Case=Abl|Numb=Sing|Gend=MascNeut	1	Quo
nunc	nunc	ADV	Deg=Pos	_	nunc
incerta	incertus	ADJqua	Case=Abl|Numb=Sing|Gend=Fem|Deg=Pos	_	incerta
re	res	NOMcom	Case=Abl|Numb=Sing	_	re
atque	atque1	CONcoo	MORPH=empty	1	atque
inorata	inoratus	ADJqua	Case=Abl|Numb=Sing|Gend=Fem|Deg=Pos	_	inorata
gradum	gradus	NOMcom	Case=Acc|Numb=Sing	_	gradum
Regredere	regredior	VER	Numb=Sing|Mood=Imp|Tense=Pres|Voice=Dep|Person=2	_	Regredere
conare	conor	VER	Numb=Sing|Mood=Inf|Tense=Pres|Voice=Act|Person=2	_	conare
Serva	seruo	VER	Numb=Sing|Mood=Imp|Tense=Pres|Voice=Act|Person=2	_	Serua
cives	ciuis	NOMcom	Case=Acc|Numb=Plur	_	ciues
,	,	PUNC	MORPH=empty	_	--IGN.--
defende	defendo	VER	Numb=Sing|Mood=Imp|Tense=Pres|Voice=Act|Person=2	_	defende
hostes	hostis	NOMcom	Case=Acc|Numb=Plur	_	hostes
,	,	PUNC	MORPH=empty	_	--IGN.--
cum	cum3	CONsub	MORPH=empty	3	cum
potes	possum1	VER	Numb=Sing|Mood=Ind|Tense=Pres|Voice=Act|Person=2	1	potes
defendere	defendo	VER	Mood=Inf|Tense=Pres|Voice=Act	_	defendere
Interea	interea	ADV	Deg=Pos	_	Interea
mortales	mortalis2	ADJqua	Case=Acc|Numb=Plur	1	mortales
inter	inter	PRE	MORPH=empty	_	inter
sese	sui1	PROref	Case=Acc|Numb=Sing	1	sese
pugnant	pugno	VER	Numb=Plur|Mood=Ind|Tense=Pres|Voice=Act|Person=3	_	pugnant
,	,	PUNC	MORPH=empty	_	--IGN.--
proeliant	proelio	VER	Numb=Plur|Mood=Ind|Tense=Pres|Voice=Act|Person=3	_	proeliant
.	.	PUNC	MORPH=empty	_	--IGN.--
summam	summa	NOMcom	Case=Acc|Numb=Sing	_	summam
tu	tu	PROper	Case=Nom|Numb=Sing	_	tu
tibi	tu	PROper	Case=Dat|Numb=Sing	_	tibi
Pro	pro1	PRE	MORPH=empty	1	Pro
mala	malus3	ADJqua	Case=Abl|Numb=Sing|Gend=Fem|Deg=Pos	3	mala
vita	uita	NOMcom	Case=Abl|Numb=Sing	_	uita
famam	fama	NOMcom	Case=Acc|Numb=Sing	_	famam
extolles	extollo	VER	Numb=Sing|Mood=Ind|Tense=Fut|Voice=Act|Person=2	_	extolles
,	,	PUNC	MORPH=empty	_	--IGN.--
et	et2	CONcoo	MORPH=empty	2	et
pro	pro1	PRE	MORPH=empty	1	pro
bona	bonus	ADJqua	Case=Abl|Numb=Plur|Gend=Fem|Deg=Pos	_	bona
partam	pario2	VER	Case=Acc|Numb=Sing|Gend=Fem|Mood=Par|Tense=Perf|Voice=Pass	_	partam
gloriam	gloria	NOMcom	Case=Acc|Numb=Sing	_	gloriam
.	.	PUNC	MORPH=empty	_	--IGN.--
Male	male	ADV	Deg=Pos	_	Male
volentes	uolo3	ADJqua	Case=Nom|Numb=Plur|Gend=MascFem|Deg=Pos|Mood=Par|Tense=Pres|Voice=Act	3	uolentes
enim	enim2	CONcoo	MORPH=empty	2	enim
famam	fama	NOMcom	Case=Acc|Numb=Sing	_	famam
tollunt	tollo	VER	Numb=Plur|Mood=Ind|Tense=Pres|Voice=Act|Person=3	_	tollunt
,	,	PUNC	MORPH=empty	_	--IGN.--
bene	bene	ADV	Deg=Pos	_	bene
volentes	uolo?	ADJqua	Case=Nom|Numb=Plur|Gend=MascFem|Deg=Pos|Mood=Par|Tense=Pres|Voice=Act	_	uolentes
gloriam	gloria	NOMcom	Case=Acc|Numb=Sing	_	gloriam
.	.	PUNC	MORPH=empty	_	--IGN.--
Multis	multus	ADJqua	Case=Abl|Numb=Plur|Gend=Com|Deg=Pos	_	Multis
sum	sum1	VER	Numb=Sing|Mood=Ind|Tense=Pres|Voice=Act|Person=1	1	sum
modis	modus	NOMcom	Case=Abl|Numb=Plur	_	modis
circumventus	circumuenio	VER	Case=Nom|Numb=Sing|Gend=Masc|Mood=Par|Tense=Perf|Voice=Pass	_	circumuentus
,	,	PUNC	MORPH=empty	_	--IGN.--
morbo	morbus	NOMcom	Case=Abl|Numb=Sing	_	morbo
,	,	PUNC	MORPH=empty	_	--IGN.--
exilio	exsilium	NOMcom	Case=Abl|Numb=Sing	_	exilio
atque	atque1	CONcoo	MORPH=empty	1	atque
inopia	inopia	NOMcom	Case=Abl|Numb=Sing	_	inopia
;	;	PUNC	MORPH=empty	_	--IGN.--
Tum	tum	ADV	Deg=Pos	_	Tum
pavor	pauor	NOMcom	Case=Nom|Numb=Sing	_	pauor
sapientiam	sapientia	NOMcom	Case=Acc|Numb=Sing	_	sapientiam
omnem	omnis	PROind	Case=Acc|Numb=Sing|Gend=MascFem	_	omnem
mi	ego	PROper	Case=Dat|Numb=Sing	_	mi
exanimato	exanimo	VER	Case=Abl|Numb=Sing|Gend=MascNeut|Mood=Par|Tense=Perf|Voice=Pass	_	exanimato
expectorat	exspecto	VER	Numb=Sing|Mood=Ind|Tense=Pres|Voice=Act|Person=3	_	expectorat
.	.	PUNC	MORPH=empty	_	--IGN.--
†	†	PUNC	MORPH=empty	_	--IGN.--
alter	alter	PROind	Case=Nom|Numb=Sing|Gend=Masc	_	alter
†	†	PUNC	MORPH=empty	_	--IGN.--
terribilem	terribilis	ADJqua	Case=Acc|Numb=Sing|Gend=MascFem|Deg=Pos	_	terribilem
minatur	minor	VER	Numb=Sing|Mood=Ind|Tense=Pres|Voice=Dep|Person=3	_	minatur
vitæ	uita	NOMcom	Case=Gen|Numb=Sing	_	uitae
cruciatum	cruciatus	NOMcom	Case=Acc|Numb=Sing	_	cruciatum
et	et2	CONcoo	MORPH=empty	2	et
necem	nex	NOMcom	Case=Acc|Numb=Sing	_	necem
;	;	PUNC	MORPH=empty	_	--IGN.--
quae	qui1	PROrel	Case=Nom|Numb=Sing|Gend=Fem	1	quae
nemo	nemo	PROind	Case=Nom|Numb=Sing	_	nemo
est	sum1	VER	Numb=Sing|Mood=Ind|Tense=Pres|Voice=Act|Person=3	1	est
tam	tam	ADV	Deg=Pos	_	tam
firmo	firmus	ADJqua	Case=Abl|Numb=Sing|Gend=MascNeut|Deg=Pos	_	firmo
ingenio	ingenium	NOMcom	Case=Abl|Numb=Sing	_	ingenio
et	et2	CONcoo	MORPH=empty	2	et
tanta	tantus	PROdem	Case=Abl|Numb=Sing|Gend=Fem	_	tanta
confidentia	confidentia	NOMcom	Case=Abl|Numb=Sing	_	confidentia
,	,	PUNC	MORPH=empty	_	--IGN.--
quin	quin2	CONsub	MORPH=empty	2	quin
refugiat	refugio	VER	Numb=Sing|Mood=Sub|Tense=Pres|Voice=Act|Person=3	_	refugiat
timido	timidus	ADJqua	Case=Abl|Numb=Sing|Gend=MascNeut|Deg=Pos	_	timido
sanguen	sanguis	NOMcom	Case=Acc|Numb=Sing	_	sanguen
atque	atque1	CONcoo	MORPH=empty	1	atque
exalbescat	exalbesco	VER	Numb=Sing|Mood=Sub|Tense=Pres|Voice=Act|Person=3	_	exalbescat
metu	metus	NOMcom	Case=Abl|Numb=Sing	_	metu
.	.	PUNC	MORPH=empty	_	--IGN.--
Sed	sed	CONcoo	MORPH=empty	_	Sed
mihi	ego	PROper	Case=Dat|Numb=Sing	_	mihi
ne	ne4	CONsub	MORPH=empty	4	ne
utiquam	utiquam	PROind	Deg=Pos	_	utiquam
cor	cor	NOMcom	Case=Nom|Numb=Sing	_	cor
consentit	consentio	VER	Numb=Sing|Mood=Ind|Tense=Pres|Voice=Act|Person=3	_	consentit
cum	cum3	CONsub	MORPH=empty	3	cum
oculorum	oculus	NOMcom	Case=Gen|Numb=Plur	_	oculorum
aspectu	aspectus	NOMcom	Case=Abl|Numb=Sing	_	aspectu
.	.	PUNC	MORPH=empty	_	--IGN.--
.	.	PUNC	MORPH=empty	_	--IGN.--
.	.	PUNC	MORPH=empty	_	--IGN.--
.	.	PUNC	MORPH=empty	_	--IGN.--
.	.	PUNC	MORPH=empty	_	--IGN.--
unde	unde2	ADVint	MORPH=empty	2	unde
hæc	hic1	PROdem	Case=Nom|Numb=Sing|Gend=Fem	1	haec
flamma	flamma	NOMcom	Case=Nom|Numb=Sing	_	flamma
oritur	orior	VER	Numb=Sing|Mood=Ind|Tense=Pres|Voice=Pass|Person=3	_	oritur
?	?	PUNC	MORPH=empty	_	--IGN.--
et	et2	CONcoo	MORPH=empty	2	et
illa	ille	PROdem	Case=Nom|Numb=Plur|Gend=Neut	_	illa
deinceps	deinceps	ADV	Deg=Pos	_	deinceps
:	:	PUNC	MORPH=empty	_	--IGN.--
Incedunt	incedo1	VER	Numb=Plur|Mood=Ind|Tense=Pres|Voice=Act|Person=3	1	Incedunt
,	,	PUNC	MORPH=empty	_	--IGN.--
incedunt	incedo1	VER	Numb=Plur|Mood=Ind|Tense=Pres|Voice=Act|Person=3	1	incedunt
:	:	PUNC	MORPH=empty	_	--IGN.--
adsunt	assum1	VER	Numb=Plur|Mood=Ind|Tense=Pres|Voice=Act|Person=3	1	adsunt
adsunt	assum1	VER	Numb=Plur|Mood=Ind|Tense=Pres|Voice=Act|Person=3	1	adsunt
,	,	PUNC	MORPH=empty	_	--IGN.--
me	ego	PROper	Case=Acc|Numb=Sing	_	me
expetunt	expeto	VER	Numb=Plur|Mood=Ind|Tense=Pres|Voice=Act|Person=3	_	expetunt
.	.	PUNC	MORPH=empty	_	--IGN.--
quid	quis1	PROint	Case=Acc|Numb=Sing|Gend=Neut	1	quid
cum	cum3	CONsub	MORPH=empty	3	cum
virginis	uirgo	NOMcom	Case=Gen|Numb=Sing	_	uirginis
fidem	fides2	NOMcom	Case=Acc|Numb=Sing	2	fidem
implorat	imploro	VER	Numb=Sing|Mood=Ind|Tense=Pres|Voice=Act|Person=3	_	implorat
:	:	PUNC	MORPH=empty	_	--IGN.--
Fer	fero	VER	Numb=Sing|Mood=Imp|Tense=Pres|Voice=Act|Person=2	_	Fer
mi	ego	PROper	Case=Dat|Numb=Sing|Gend=Masc	_	mi
auxilium	auxilium	NOMcom	Case=Acc|Numb=Sing	_	auxilium
,	,	PUNC	MORPH=empty	_	--IGN.--
pestem	pestis	NOMcom	Case=Acc|Numb=Sing	_	pestem
abige	abigo	VER	Numb=Sing|Mood=Imp|Tense=Pres|Voice=Act|Person=2	_	abige
a	ab	PRE	MORPH=empty	_	a
me	ego	PROper	Case=Abl|Numb=Sing	_	me
,	,	PUNC	MORPH=empty	_	--IGN.--
flammiferam	flammifer	ADJqua	Case=Acc|Numb=Sing|Gend=Fem|Deg=Pos	_	flammiferam
hanc	hic1	PROdem	Case=Acc|Numb=Sing|Gend=Fem	1	hanc
vim	uis	NOMcom	Case=Acc|Numb=Sing	_	uim
,	,	PUNC	MORPH=empty	_	--IGN.--
quae	qui1	PROrel	Case=Nom|Numb=Sing|Gend=Fem	1	quae
me	ego	PROper	Case=Acc|Numb=Sing	_	me
excruciat	excrucio	VER	Numb=Sing|Mood=Ind|Tense=Pres|Voice=Act|Person=3	_	excruciat
;	;	PUNC	MORPH=empty	_	--IGN.--
Caeruleae	caeruleus	ADJqua	Case=Nom|Numb=Plur|Gend=Fem|Deg=Pos	_	Caeruleae
incinctae	incingo	VER	Case=Nom|Numb=Plur|Gend=Fem|Mood=Par|Tense=Perf|Voice=Pass	_	incinctae
igni	ignis	NOMcom	Case=Abl|Numb=Sing	_	igni
incedunt	incedo1	VER	Numb=Plur|Mood=Ind|Tense=Pres|Voice=Act|Person=3	1	incedunt
,	,	PUNC	MORPH=empty	_	--IGN.--
circumstant	circumsto	VER	Numb=Plur|Mood=Ind|Tense=Pres|Voice=Act|Person=3	_	circumstant
cum	cum2	PRE	MORPH=empty	3	cum
ardentibus	ardeo	VER	Case=Abl|Numb=Plur|Gend=Com|Mood=Par|Tense=Pres|Voice=Act	_	ardentibus
taedis	taeda	NOMcom	Case=Abl|Numb=Plur	_	taedis
.	.	PUNC	MORPH=empty	_	--IGN.--
num	num	ADVint	MORPH=empty	_	num
dubitas	dubito	VER	Numb=Sing|Mood=Ind|Tense=Pres|Voice=Act|Person=2	_	dubitas
quin	quin2	CONsub	MORPH=empty	2	quin
sibi	sui1	PROref	Case=Dat|Numb=Sing	1	sibi
hæc	hic1	PROdem	Case=Acc|Numb=Plur|Gend=Neut	1	haec
videre	uideo	VER	Mood=Inf|Tense=Pres|Voice=Act	_	uidere
videatur	uideo	VER	Numb=Sing|Mood=Sub|Tense=Pres|Voice=Pass|Person=3	_	uideatur
;	;	PUNC	MORPH=empty	_	--IGN.--
itemque	item	ADV	Deg=Pos	_	itemque
{itemque}	que	CON	MORPH=empty	_	itemque
cetera	ceterus	ADJqua	Case=Acc|Numb=Plur	_	cetera
:	:	PUNC	MORPH=empty	_	--IGN.--
Intendit	intendo	VER	Numb=Sing|Mood=Ind|Tense=Perf|Voice=Act|Person=3	_	Intendit
crinitus	crinitus	ADJqua	Case=Nom|Numb=Sing|Gend=Masc|Deg=Pos	_	crinitus
Apollo	apollo	NOMcom	Case=Nom|Numb=Sing	_	Apollo
Arcum	arcus	NOMcom	Case=Acc|Numb=Sing	_	Arcum
auratum	auratus	ADJqua	Case=Acc|Numb=Sing|Gend=MascNeut|Deg=Pos	_	auratum
,	,	PUNC	MORPH=empty	_	--IGN.--
luna	luna	NOMcom	Case=Nom|Numb=Sing	_	luna
innixus	innitor2	VER	Case=Nom|Numb=Sing|Gend=Masc|Mood=Par|Tense=Perf|Voice=Dep	2	innixus
,	,	PUNC	MORPH=empty	_	--IGN.--
Diana	diana	NOMcom	Case=Nom|Numb=Sing	_	Diana
facem	fax	NOMcom	Case=Acc|Numb=Sing	_	facem
iacit	iacio	VER	Numb=Sing|Mood=Ind|Tense=Pres|Voice=Act|Person=3	_	iacit
a	ab	PRE	MORPH=empty	_	a
laeva	laeua?	NOMcom	Case=Abl|Numb=Sing	_	laeua
.	.	PUNC	MORPH=empty	_	--IGN.--
factum	facio	VER	Case=Nom|Numb=Sing|Gend=Neut|Mood=Par|Tense=Perf|Voice=Pass	_	factum
est	sum1	VER	Numb=Sing|Mood=Ind|Tense=Pres|Voice=Act|Person=3	2	est
iam	iam	ADV	Deg=Pos	_	iam
diu	diu	ADV	Deg=Pos	_	diu
Iam	iam	ADV	Deg=Pos	_	Iam
dudum	dudum	ADV	Deg=Pos	_	dudum
ab	ab	PRE	MORPH=empty	_	ab
ludis	ludus	NOMcom	Case=Abl|Numb=Plur	_	ludis
animus	animus	NOMcom	Case=Nom|Numb=Sing	_	animus
atque	atque1	CONcoo	MORPH=empty	1	atque
aures	auris	NOMcom	Case=Nom|Numb=Plur	_	aures
avent	aueo	VER	Numb=Plur|Mood=Ind|Tense=Pres|Voice=Act|Person=3	_	auent
avide	auide	ADV	Deg=Pos	_	auide
expectantes	exspecto	VER	Case=Nom|Numb=Plur|Gend=MascFem|Mood=Par|Tense=Pres|Voice=Act	_	expectantes
nuntium	nuntius1	NOMcom	Case=Acc|Numb=Sing	1	nuntium
.	.	PUNC	MORPH=empty	_	--IGN.--
Qua	qui1	PROrel	Case=Abl|Numb=Sing|Gend=Fem	1	Qua
propter	propter2	PRE	MORPH=empty	2	propter
Parim	par2	ADJqua	Case=Acc|Numb=Sing|Deg=Pos	2	Parim
pastores	pastor	NOMcom	Case=Nom|Numb=Plur	_	pastores
nunc	nunc	ADV	Deg=Pos	_	nunc
Alexandrum	alexander	NOMcom	Case=Acc|Numb=Sing	_	Alexandrum
vocant	uoco	VER	Numb=Plur|Mood=Ind|Tense=Pres|Voice=Act|Person=3	_	uocant
.	.	PUNC	MORPH=empty	_	--IGN.--
.	.	PUNC	MORPH=empty	_	--IGN.--
†	†	PUNC	MORPH=empty	_	--IGN.--
amidio	amidium	NOMcom	Case=Abl|Numb=Sing	_	amidio
†	†	PUNC	MORPH=empty	_	--IGN.--
purus	purus	ADJqua	Case=Nom|Numb=Sing|Gend=Masc|Deg=Pos	_	purus
putus	putus	NOMcom	Case=Nom|Numb=Sing	_	putus
.	.	PUNC	MORPH=empty	_	--IGN.--
Hominem	homo	NOMcom	Case=Acc|Numb=Sing	_	Hominem
appellat	appello1	VER	Numb=Sing|Mood=Ind|Tense=Pres|Voice=Act|Person=3	1	appellat
:	:	PUNC	MORPH=empty	_	--IGN.--
quid	quis1	PROint	Case=Acc|Numb=Sing|Gend=Neut	1	quid
lascivis	lasciuus	ADJqua	Case=Abl|Numb=Plur|Gend=Com|Deg=Pos	_	lasciuis
stolide	stolidus	ADV	Numb=Sing|Gend=Neut|Deg=Pos	_	stolide
?	?	PUNC	MORPH=empty	_	--IGN.--
Non	non	ADVneg	MORPH=empty	_	Non
intellegit	intelligo	VER	Numb=Sing|Mood=Ind|Tense=Pres|Voice=Act|Person=3	_	intellegit
.	.	PUNC	MORPH=empty	_	--IGN.--
Volans	uolo2	VER	Case=Nom|Numb=Sing|Gend=Com|Mood=Par|Tense=Pres|Voice=Act	2	Uolans
de	de	PRE	MORPH=empty	_	de
caelo	caelum1	NOMcom	Case=Abl|Numb=Sing	1	caelo
cum	cum2	PRE	MORPH=empty	2	cum
corona	corona	NOMcom	Case=Nom|Numb=Sing	_	corona
et	et2	CONcoo	MORPH=empty	2	et
taeniis	taenia	NOMcom	Case=Abl|Numb=Plur	_	taeniis
Multi	multus	ADJqua	Case=Nom|Numb=Plur|Gend=Masc|Deg=Pos	_	Multi
alii	alius	PROind	Case=Nom|Numb=Plur|Gend=Masc	_	alii
adventant	aduento	VER	Numb=Plur|Mood=Ind|Tense=Pres|Voice=Act|Person=3	_	aduentant
,	,	PUNC	MORPH=empty	_	--IGN.--
paupertas	paupertas	NOMcom	Case=Nom|Numb=Sing	_	paupertas
quorum	qui1	PROrel	Case=Gen|Numb=Plur|Gend=MascNeut	1	quorum
obscurat	obscuro	VER	Numb=Sing|Mood=Ind|Tense=Pres|Voice=Act|Person=3	_	obscurat
nomina	nomen	NOMcom	Case=Acc|Numb=Plur	_	nomina
.	.	PUNC	MORPH=empty	_	--IGN.--
O	o	INJ	MORPH=empty	_	O
lux	lux	NOMcom	Case=Voc|Numb=Sing	_	lux
Troiæ	Troia	NOMcom	Case=Gen|Numb=Sing	_	Troiae
,	,	PUNC	MORPH=empty	_	--IGN.--
germane	germanus1	NOMcom	Case=Voc|Numb=Sing|Deg=Pos	1	germane
Hector	hector	NOMcom	Case=Voc|Numb=Sing	_	Hector
;	;	PUNC	MORPH=empty	_	--IGN.--
quid	quis1	PROint	Case=Acc|Numb=Sing|Gend=Neut	1	quid
ita	ita	ADV	Deg=Pos	_	ita
cum	cum2	PRE	MORPH=empty	2	cum
tuo	tuus	PROpos	Case=Abl|Numb=Sing|Gend=MascNeut	_	tuo
lacerato	lacero	VER	Case=Abl|Numb=Sing|Gend=MascNeut|Mood=Par|Tense=Perf|Voice=Pass	_	lacerato
corpore	corpus	NOMcom	Case=Abl|Numb=Sing	_	corpore
,	,	PUNC	MORPH=empty	_	--IGN.--
miser	miser	ADJqua	Case=Nom|Numb=Sing|Gend=Masc|Deg=Pos	_	miser
es	sum1	VER	Numb=Sing|Mood=Ind|Tense=Pres|Voice=Act|Person=2	1	es
,	,	PUNC	MORPH=empty	_	--IGN.--
aut	aut	CONcoo	MORPH=empty	_	aut
qui	qui1	PROrel	Case=Nom|Numb=Plur|Gend=Masc	1	qui
te	tu	PROper	Case=Acc|Numb=Sing	_	te
sic	sic	ADV	Deg=Pos	_	sic
respectantibus	respecto	VER	Case=Abl|Numb=Plur|Gend=Com|Mood=Par|Tense=Pres|Voice=Act	_	respectantibus
tractavere	tracto	VER	Numb=Plur|Mood=Ind|Tense=Perf|Voice=Act|Person=3	_	tractauere
nobis	nos	PROper	Case=Dat|Numb=Plur	_	nobis
?	?	PUNC	MORPH=empty	_	--IGN.--
Nam	nam	CONcoo	MORPH=empty	_	Nam
maximo	magnus	ADJqua	Case=Abl|Numb=Sing|Gend=MascNeut|Deg=Sup	_	maximo
saltu	saltus2	NOMcom	Case=Abl|Numb=Sing	2	saltu
superavit	supero	VER	Numb=Sing|Mood=Ind|Tense=Perf|Voice=Act|Person=3	_	superauit
gravidus	grauidus	ADJqua	Case=Nom|Numb=Sing|Gend=Masc|Deg=Pos	_	grauidus
armatis	armatus2	ADJqua	Case=Abl|Numb=Plur|Gend=Com|Deg=Pos	2	armatis
equus	equus	NOMcom	Case=Nom|Numb=Sing	_	equus
,	,	PUNC	MORPH=empty	_	--IGN.--
Suo	suus	PROpos.ref	Case=Abl|Numb=Sing|Gend=MascNeut	_	Suo
qui	qui1	PROrel	Case=Nom|Numb=Sing|Gend=Masc	1	qui
partu	partus1	NOMcom	Case=Abl|Numb=Sing	1	partu
ardua	arduus	ADJqua	Case=Acc|Numb=Sing|Gend=Fem|Deg=Pos	_	ardua
perdat	perdo	VER	Numb=Sing|Mood=Sub|Tense=Pres|Voice=Act|Person=3	_	perdat
Pergama	pergama	NOMcom	Case=Acc|Numb=Plur	_	Pergama
.	.	PUNC	MORPH=empty	_	--IGN.--
Vidi	uideo	VER	Numb=Sing|Mood=Ind|Tense=Perf|Voice=Act|Person=1	_	Uidi
,	,	PUNC	MORPH=empty	_	--IGN.--
videre	uideo	VER	Mood=Inf|Tense=Pres|Voice=Act	_	uidere
quod	quod2	CONsub	MORPH=empty	2	quod
me	ego	PROper	Case=Acc|Numb=Sing	_	me
passa	patior	VER	Case=Abl|Numb=Sing|Gend=Fem|Mood=Par|Tense=Perf|Voice=Dep	_	passa
ægerrume	aegre	ADJqua	Numb=Sing|Gend=Masc|Deg=Sup	_	aegerrume
,	,	PUNC	MORPH=empty	_	--IGN.--
Hectorem	hector	NOMcom	Case=Acc|Numb=Sing	_	Hectorem
curru	currus	NOMcom	Case=Abl|Numb=Sing	_	curru
quadriiugo	quadriiugus	ADJqua	Case=Abl|Numb=Sing|Gend=MascNeut|Deg=Pos	_	quadriiugo
raptarier	rapto	VER	Mood=Inf|Tense=Pres|Voice=Pass	_	raptarier
Ex	ex	PRE	MORPH=empty	_	Ex
opibus	ops	NOMcom	Case=Abl|Numb=Plur	_	opibus
summis	superus	ADJqua	Case=Abl|Numb=Plur|Gend=Com|Deg=Sup	_	summis
opis	ops	NOMcom	Case=Gen|Numb=Sing	_	opis
egens	egens	ADJqua	Case=Nom|Numb=Sing|Gend=Com|Deg=Pos|Mood=Par|Tense=Pres|Voice=Act	_	egens
,	,	PUNC	MORPH=empty	_	--IGN.--
Hector	hector	NOMcom	Case=Nom|Numb=Sing	_	Hector
,	,	PUNC	MORPH=empty	_	--IGN.--
tuæ	tuus	PROpos	Case=Gen|Numb=Sing|Gend=Fem	_	tuae
Quid	quis1	PROint	Case=Acc|Numb=Sing|Gend=Neut	1	Quid
petam	peto	VER	Numb=Sing|Mood=Ind|Tense=Fut|Voice=Act|Person=1	_	petam
præsidi	praesidium	NOMcom	Case=Gen|Numb=Sing	_	praesidi
aut	aut	CONcoo	MORPH=empty	_	aut
exequar	exsequor	VER	Numb=Sing|Mood=Ind|Tense=Fut|Voice=Dep|Person=1	_	exequar
?	?	PUNC	MORPH=empty	_	--IGN.--
quove	quis	PROint	Case=Abl|Numb=Sing|Gend=MascNeut	1	quoue
{quove}	ue	CON	MORPH=empty	_	quoue
nunc	nunc	ADV	Deg=Pos	_	nunc
auxilio	auxilium	NOMcom	Case=Abl|Numb=Sing	_	auxilio
aut	aut	CONcoo	MORPH=empty	_	aut
exili	exsilium	NOMcom	Case=Gen|Numb=Sing	_	exili
aut	aut	CONcoo	MORPH=empty	_	aut
fugæ	fuga	NOMcom	Case=Gen|Numb=Sing	_	fugae
freta	fretus1	NOMcom	Case=Nom|Numb=Plur	_	freta
sim	sum1	VER	Numb=Sing|Mood=Sub|Tense=Pres|Voice=Act|Person=1	1	sim
?	?	PUNC	MORPH=empty	_	--IGN.--
Arce	arx	NOMcom	Case=Abl|Numb=Sing	_	Arce
et	et2	CONcoo	MORPH=empty	2	et
urbe	urbs	NOMcom	Case=Abl|Numb=Sing	_	urbe
orba	orbus	ADJqua	Case=Nom|Numb=Sing|Gend=Fem|Deg=Pos	_	orba
sum	sum1	VER	Numb=Sing|Mood=Ind|Tense=Pres|Voice=Act|Person=1	1	sum
.	.	PUNC	MORPH=empty	_	--IGN.--
Quo	quo3	ADVint	MORPH=empty	3	Quo
accedam	accedo1	VER	Numb=Sing|Mood=Ind|Tense=Fut|Voice=Act|Person=1	1	accedam
?	?	PUNC	MORPH=empty	_	--IGN.--
Quo	quo3	ADVint	Case=Abl	1	Quo
applicem	applico	ADJqua	Case=Acc|Numb=Sing|Gend=MascFem|Mood=Sub|Tense=Pres|Voice=Act	2	applicem
?	?	PUNC	MORPH=empty	_	--IGN.--
Cui	qui1	PROrel	Case=Dat|Numb=Sing|Gend=Com	1	Cui
nec	nec2	CONcoo	MORPH=empty	2	nec
aræ	ara	NOMcom	Case=Nom|Numb=Plur	_	arae
patriæ	patria	NOMcom	Case=Dat|Numb=Sing	_	patriae
domi	domus	NOMcom	Case=Loc|Numb=Sing	_	domi
stant	sto	VER	Numb=Plur|Mood=Ind|Tense=Pres|Voice=Act|Person=3	_	stant
,	,	PUNC	MORPH=empty	_	--IGN.--
fractæ	frango	VER	Case=Nom|Numb=Plur|Gend=Fem|Mood=Par|Tense=Perf|Voice=Pass	_	fractae
et	et2	CONcoo	MORPH=empty	2	et
disiectæ	disicio	VER	Case=Nom|Numb=Plur|Gend=Fem|Mood=Par|Tense=Perf|Voice=Pass	_	disiectae
iacent	iaceo	VER	Numb=Plur|Mood=Ind|Tense=Pres|Voice=Act|Person=3	_	iacent
;	;	PUNC	MORPH=empty	_	--IGN.--
fana	fanum	NOMcom	Case=Nom|Numb=Plur	_	fana
flamma	flamma	NOMcom	Case=Nom|Numb=Sing	_	flamma
deflagrata	deflagro	VER	Case=Nom|Numb=Plur|Gend=Neut|Mood=Par|Tense=Perf|Voice=Pass	_	deflagrata
,	,	PUNC	MORPH=empty	_	--IGN.--
tosti	torreo	VER	Case=Nom|Numb=Plur|Gend=Masc|Mood=Par|Tense=Perf|Voice=Pass	_	tosti
alti	altus	ADJqua	Case=Nom|Numb=Plur|Gend=Masc|Deg=Pos	_	alti
stant	sto	VER	Numb=Plur|Mood=Ind|Tense=Pres|Voice=Act|Person=3	_	stant
parietes	paries	NOMcom	Case=Nom|Numb=Plur	_	parietes
Deformati	deformo2	VER	Case=Nom|Numb=Plur|Gend=Masc|Mood=Par|Tense=Perf|Voice=Pass	2	Deformati
atque	atque1	CONcoo	MORPH=empty	1	atque
abiete	abies	NOMcom	Case=Abl|Numb=Sing	_	abiete
crispa	crispa	NOMcom	Case=Abl|Numb=Sing	_	crispa
.	.	PUNC	MORPH=empty	_	--IGN.--
O	o	INJ	MORPH=empty	_	O
pater	pater	NOMcom	Case=Voc|Numb=Sing	_	pater
,	,	PUNC	MORPH=empty	_	--IGN.--
o	o	INJ	MORPH=empty	_	o
patria	patria	NOMcom	Case=Voc|Numb=Sing	_	patria
,	,	PUNC	MORPH=empty	_	--IGN.--
o	o	INJ	MORPH=empty	_	o
Priami	priamus	NOMcom	Case=Gen|Numb=Sing	_	Priami
domus	domus	NOMcom	Case=Voc|Numb=Sing	_	domus
,	,	PUNC	MORPH=empty	_	--IGN.--
Saeptum	saepio	VER	Case=Acc|Numb=Sing|Gend=Neut|Mood=Par|Tense=Perf|Voice=Pass	_	Saeptum
altisono	altisonus	ADJqua	Case=Abl|Numb=Sing|Gend=MascNeut|Deg=Pos	_	altisono
cardine	cardo	NOMcom	Case=Abl|Numb=Sing	_	cardine
templum	templum	NOMcom	Case=Acc|Numb=Sing	_	templum
!	!	PUNC	MORPH=empty	_	--IGN.--
Vidi	uideo	VER	Numb=Sing|Mood=Ind|Tense=Perf|Voice=Act|Person=1	_	Uidi
ego	ego	PROper	Case=Nom|Numb=Sing	_	ego
te	tu	PROper	Case=Acc|Numb=Sing	_	te
adstante	asto	VER	Case=Abl|Numb=Sing|Gend=Com|Mood=Par|Tense=Pres|Voice=Act	_	adstante
ope	ops	NOMcom	Case=Abl|Numb=Sing	_	ope
barbarica	barbaricus	ADJqua	Case=Abl|Numb=Sing|Gend=Fem|Deg=Pos	_	barbarica
tectis	tectum	NOMcom	Case=Abl|Numb=Plur	_	tectis
cælatis	caelo	VER	Case=Abl|Numb=Plur|Gend=Com|Mood=Par|Tense=Perf|Voice=Pass	_	caelatis
laqueatis	laqueo1	VER	Numb=Plur|Mood=Ind|Tense=Pres|Voice=Act|Person=2	_	laqueatis
,	,	PUNC	MORPH=empty	_	--IGN.--
auro	aurum	NOMcom	Case=Abl|Numb=Sing	_	auro
ebore	ebur	NOMcom	Case=Abl|Numb=Sing	_	ebore
instructam	instruo	ADJqua	Case=Acc|Numb=Sing|Gend=Fem|Mood=Par|Tense=Perf|Voice=Pass	_	instructam
regifice	regifice	NOMcom	Case=Abl|Numb=Sing	_	regifice
.	.	PUNC	MORPH=empty	_	--IGN.--
Haec	hic1	PROdem	Case=Acc|Numb=Plur|Gend=Neut	1	Haec
omnia	omnis	PROind	Case=Acc|Numb=Plur|Gend=Neut	_	omnia
vidi	uideo	VER	Numb=Sing|Mood=Ind|Tense=Perf|Voice=Act|Person=1	_	uidi
inflammari	inflammo	VER	Mood=Inf|Tense=Pres|Voice=Pass	_	inflammari
,	,	PUNC	MORPH=empty	_	--IGN.--
Priamo	priamus	NOMcom	Case=Dat|Numb=Sing	_	Priamo
vi	uis	NOMcom	Case=Abl|Numb=Sing	_	ui
vitam	uita	NOMcom	Case=Acc|Numb=Sing	_	uitam
evitari	euito	VER	Mood=Inf|Tense=Pres|Voice=Pass	_	euitari
,	,	PUNC	MORPH=empty	_	--IGN.--
Iovis	Iuppiter	NOMpro	Case=Gen|Numb=Sing	_	Iouis
aram	ara	NOMcom	Case=Acc|Numb=Sing	_	aram
sanguine	sanguis	NOMcom	Case=Abl|Numb=Sing	_	sanguine
turpari	turpo	VER	MORPH=empty	_	turpari
Acherusia	acherusius	ADJqua	Case=Acc|Numb=Plur|Gend=Neut|Deg=Pos	_	Acherusia
templa	templum	NOMcom	Case=Acc|Numb=Plur	_	templa
alta	altus	ADJqua	Case=Acc|Numb=Plur|Gend=Neut|Deg=Pos	_	alta
Orci	orcus	NOMcom	Case=Gen|Numb=Sing	_	Orci
salvete	salueo	VER	Numb=Plur|Mood=Imp|Tense=Pres|Voice=Act|Person=2	_	saluete
infera	inferi	NOMcom	Case=Acc|Numb=Plur|Gend=Neut	_	infera
.	.	PUNC	MORPH=empty	_	--IGN.--
Andromachæ	andromacha	NOMcom	Case=Gen|Numb=Sing	_	Andromachae
nomen	nomen	NOMcom	Case=Acc|Numb=Sing	_	nomen
qui	qui1	PROrel	Case=Nom|Numb=Sing|Gend=Masc	1	qui
indidit	indo	VER	Numb=Sing|Mood=Ind|Tense=Perf|Voice=Act|Person=3	_	indidit
,	,	PUNC	MORPH=empty	_	--IGN.--
recte	recte	ADV	Deg=Pos	_	recte
indidit	indo	VER	Numb=Sing|Mood=Ind|Tense=Perf|Voice=Act|Person=3	_	indidit
aut	aut	CONcoo	MORPH=empty	_	aut
Alexandrum	alexander	NOMcom	Case=Acc|Numb=Sing	_	Alexandrum
di	deus	NOMcom	Case=Nom|Numb=Plur	_	di
.	.	PUNC	MORPH=empty	_	--IGN.--
.	.	PUNC	MORPH=empty	_	--IGN.--
.	.	PUNC	MORPH=empty	_	--IGN.--
on	on	ADVint	MORPH=empty	_	on
est	sum1	VER	Numb=Sing|Mood=Ind|Tense=Pres|Voice=Act|Person=3	1	est
:	:	PUNC	MORPH=empty	_	--IGN.--
nam	nam	CONcoo	MORPH=empty	_	nam
mussare	musso	VER	Mood=Inf|Tense=Pres|Voice=Act	_	mussare
si	si2	CONsub	MORPH=empty	2	si
.	.	PUNC	MORPH=empty	_	--IGN.--
.	.	PUNC	MORPH=empty	_	--IGN.--
.	.	PUNC	MORPH=empty	_	--IGN.--
Quid	quis1	PROint	Case=Nom|Numb=Sing|Gend=Neut	1	Quid
fit	fio	VER	Numb=Sing|Mood=Ind|Tense=Pres|Voice=Act|Person=3	_	fit
?	?	PUNC	MORPH=empty	_	--IGN.--
seditio	seditio	NOMcom	Case=Nom|Numb=Sing	_	seditio
tabetne	tabete	ADV	MORPH=empty	_	tabetne
,	,	PUNC	MORPH=empty	_	--IGN.--
an	an	ADVint	MORPH=empty	_	an
numeros	numerus	NOMcom	Case=Acc|Numb=Plur	_	numeros
augificat	augifico	VER	Numb=Sing|Mood=Ind|Tense=Pres|Voice=Act|Person=3	_	augificat
suos	suus	PROpos.ref	Case=Acc|Numb=Plur|Gend=Masc	_	suos
?	?	PUNC	MORPH=empty	_	--IGN.--
Quantis	quantus2	PROint	Case=Abl|Numb=Plur|Gend=Com	2	Quantis
cum	cum3	CONsub	MORPH=empty	3	cum
ærumnis	aerumna	NOMcom	Case=Abl|Numb=Plur	_	aerumnis
illum	ille	PROdem	Case=Acc|Numb=Sing|Gend=Masc	_	illum
exanclavi	exanclo	VER	Numb=Sing|Mood=Ind|Tense=Perf|Voice=Act|Person=1	_	exanclaui
diem	dies	NOMcom	Case=Acc|Numb=Sing	_	diem
.	.	PUNC	MORPH=empty	_	--IGN.--
.	.	PUNC	MORPH=empty	_	--IGN.--
.	.	PUNC	MORPH=empty	_	--IGN.--
annos	annus	NOMcom	Case=Acc|Numb=Plur	_	annos
multos	multus	ADJqua	Case=Acc|Numb=Plur|Gend=Masc|Deg=Pos	_	multos
longinque	longinque	ADJqua	Case=Abl|Numb=Plur|Gend=Com|Deg=Pos	_	longinque
domo	domus	NOMcom	Case=Abl|Numb=Sing	_	domo
bellum	bellum	NOMcom	Case=Acc|Numb=Sing	_	bellum
gerentes	gero	VER	Case=Nom|Numb=Plur|Gend=MascFem|Mood=Par|Tense=Pres|Voice=Act	_	gerentes
summum	superus	ADJqua	Case=Acc|Numb=Sing|Gend=MascNeut|Deg=Sup	_	summum
summa	superus	ADJqua	Case=Abl|Numb=Sing|Gend=Fem|Deg=Sup	_	summa
industria	industria	NOMcom	Case=Abl|Numb=Sing	_	industria
Nam	nam	CONcoo	MORPH=empty	_	Nam
ubi	ubi3	CONsub	MORPH=empty	3	ubi
introducta	introduco	VER	Case=Nom|Numb=Sing|Gend=Fem|Mood=Par|Tense=Perf|Voice=Pass	_	introducta
est	sum1	VER	Numb=Sing|Mood=Ind|Tense=Pres|Voice=Act|Person=3	1	est
,	,	PUNC	MORPH=empty	_	--IGN.--
puerumque	puer	NOMcom	Case=Nom|Numb=Sing	_	puerumque
{puerumque}	que	CON	MORPH=empty	_	puerumque
,	,	PUNC	MORPH=empty	_	--IGN.--
ut	ut4	CONsub	MORPH=empty	4	ut
laverent	lauo?	VER	Numb=Plur|Mood=Sub|Tense=Impa|Voice=Act|Person=3	_	lauerent
,	,	PUNC	MORPH=empty	_	--IGN.--
In	in	PRE	MORPH=empty	_	In
clupeo	clipeus	NOMcom	Case=Abl|Numb=Sing	_	clupeo
Nam	nam	CONcoo	MORPH=empty	_	Nam
neque	neque	CONcoo	MORPH=empty	_	neque
irati	iratus	ADJqua	Case=Nom|Numb=Plur|Gend=Masc|Deg=Pos	_	irati
neque	neque	CONcoo	MORPH=empty	_	neque
blandi	blandus	ADJqua	Case=Nom|Numb=Plur|Gend=Masc|Deg=Pos	_	blandi
quicquam	quisquam	PROind	Case=Acc|Numb=Sing|Gend=Neut	_	quicquam
sincere	sincere	ADV	Deg=Pos	_	sincere
sonunt	sono?	VER	Numb=Plur|Mood=Ind|Tense=Pres|Voice=Act|Person=3	_	sonunt
.	.	PUNC	MORPH=empty	_	--IGN.--
.	.	PUNC	MORPH=empty	_	--IGN.--
.	.	PUNC	MORPH=empty	_	--IGN.--
.	.	PUNC	MORPH=empty	_	--IGN.--
.	.	PUNC	MORPH=empty	_	--IGN.--
.	.	PUNC	MORPH=empty	_	--IGN.--
sed	sed	CONcoo	MORPH=empty	_	sed
quasi	quasi2	CONsub	MORPH=empty	1	quasi
ferrum	ferrum	NOMcom	Case=Acc|Numb=Sing	_	ferrum
aut	aut	CONcoo	MORPH=empty	_	aut
lapis	lapis	NOMcom	Case=Nom|Numb=Sing	_	lapis
Durat	duro	VER	Numb=Sing|Mood=Ind|Tense=Pres|Voice=Act|Person=3	_	Durat
,	,	PUNC	MORPH=empty	_	--IGN.--
rarenter	rarenter	ADV	Deg=Pos	_	rarenter
gemitum	gemitus	NOMcom	Case=Acc|Numb=Sing	_	gemitum
conatur	conor	VER	Numb=Sing|Mood=Ind|Tense=Pres|Voice=Dep|Person=3	_	conatur
trabem	trabs	NOMcom	Case=Acc|Numb=Sing	_	trabem
rapit	rapio	VER	Numb=Sing|Mood=Ind|Tense=Pres|Voice=Act|Person=3	_	rapit
ex	ex	PRE	MORPH=empty	_	ex
alto	altum	ADJqua	Case=Abl|Numb=Sing	_	alto
naves	nauis	NOMcom	Case=Acc|Numb=Plur	_	naues
velivolas	ueliuolus	NOMcom	Case=Acc|Numb=Plur	_	ueliuolas
quae	qui1	PROrel	Case=Nom|Numb=Sing|Gend=Fem	1	quae
cava	cauus2	ADJqua	Case=Nom|Numb=Sing|Gend=Fem|Deg=Pos	2	caua
caeli	caelum1	NOMcom	Case=Gen|Numb=Sing	1	caeli
Signitenentibus	signito	VER	Case=Abl|Numb=Plur|Gend=Com|Mood=Par|Tense=Pres|Voice=Act	_	Signitenentibus
conficis	conficio	VER	Numb=Sing|Mood=Ind|Tense=Pres|Voice=Act|Person=2	_	conficis
bigis	biga	NOMcom	Case=Abl|Numb=Plur	_	bigis
Liberum	liber2	ADJqua	Case=Acc|Numb=Sing|Gend=MascNeut|Deg=Pos	2	Liberum
quaesendum	quaeso	VER	Case=Acc|Numb=Sing|Gend=MascNeut|Mood=Adj|Voice=Pass	_	quaesendum
causa	causa	NOMcom	Case=Nom|Numb=Sing	_	causa
familiæ	familia	NOMcom	Case=Gen|Numb=Sing	_	familiae
matrem	mater	NOMcom	Case=Acc|Numb=Sing	_	matrem
tuae	tuus	PROpos	Case=Gen|Numb=Sing|Gend=Fem	_	tuae
.	.	PUNC	MORPH=empty	_	--IGN.--
Scrupeo	scrupeus	VER	Numb=Sing|Mood=Ind|Tense=Pres|Voice=Act|Person=1	_	Scrupeo
investita	inuestio	ADJqua	Case=Nom|Numb=Sing|Gend=Fem|Deg=Pos	_	inuestita
saxo	saxum	NOMcom	Case=Abl|Numb=Sing	_	saxo
,	,	PUNC	MORPH=empty	_	--IGN.--
atque	atque1	CONcoo	MORPH=empty	1	atque
ostreis	ostreum	NOMcom	Case=Abl|Numb=Plur	_	ostreis
squamae	squama	NOMcom	Case=Nom|Numb=Plur	_	squamae
scabrent	scabro	VER	Numb=Plur|Mood=Ind|Tense=Fut|Voice=Act|Person=3	_	scabrent
.	.	PUNC	MORPH=empty	_	--IGN.--
.	.	PUNC	MORPH=empty	_	--IGN.--
.	.	PUNC	MORPH=empty	_	--IGN.--
.	.	PUNC	MORPH=empty	_	--IGN.--
circum	circum2	PRE	MORPH=empty	2	circum
sese	sui1	PROref	Case=Acc|Numb=Sing	1	sese
urvat	urus	VER	Numb=Sing|Mood=Ind|Tense=Pres|Voice=Act|Person=3	_	uruat
ad	ad2	PRE	MORPH=empty	2	ad
pedes	pes	NOMcom	Case=Acc|Numb=Plur	_	pedes
,	,	PUNC	MORPH=empty	_	--IGN.--
a	ab	PRE	MORPH=empty	_	a
terra	terra	NOMcom	Case=Abl|Numb=Sing	_	terra
quadringentos	quadringenti	ADJcar	Case=Acc|Numb=Plur|Gend=Masc	_	quadringentos
caput	caput	NOMcom	Case=Acc|Numb=Sing	_	caput
.	.	PUNC	MORPH=empty	_	--IGN.--
corpus	corpus	NOMcom	Case=Nom|Numb=Sing	_	corpus
contemplatur	contemplor	VER	Numb=Sing|Mood=Ind|Tense=Pres|Voice=Pass|Person=3	_	contemplatur
,	,	PUNC	MORPH=empty	_	--IGN.--
unde	unde2	ADVint	MORPH=empty	2	unde
corporaret	corporo	VER	Numb=Sing|Mood=Sub|Tense=Impa|Voice=Act|Person=3	_	corporaret
vulnere	uulnus	NOMcom	Case=Abl|Numb=Sing	_	uulnere
.	.	PUNC	MORPH=empty	_	--IGN.--
.	.	PUNC	MORPH=empty	_	--IGN.--
.	.	PUNC	MORPH=empty	_	--IGN.--
rursus	rursus	ADV	Deg=Pos	_	rursus
prosus	prorsus2	ADV	Numb=Sing|Deg=Pos	2	prosus
reciprocat	reciproco	VER	Numb=Sing|Mood=Ind|Tense=Pres|Voice=Act|Person=3	_	reciprocat
fluctus	fluctus	NOMcom	Case=Acc|Numb=Plur	_	fluctus
feram	fero	VER	Case=Acc|Numb=Sing|Mood=Ind|Tense=Fut|Voice=Act|Person=1	_	feram
.	.	PUNC	MORPH=empty	_	--IGN.--
.	.	PUNC	MORPH=empty	_	--IGN.--
.	.	PUNC	MORPH=empty	_	--IGN.--
.	.	PUNC	MORPH=empty	_	--IGN.--
.	.	PUNC	MORPH=empty	_	--IGN.--
.	.	PUNC	MORPH=empty	_	--IGN.--
.	.	PUNC	MORPH=empty	_	--IGN.--
alia	alius	PROind	Case=Acc|Numb=Plur|Gend=Fem	_	alia
fluctus	fluctus	NOMcom	Case=Acc|Numb=Plur	_	fluctus
differt	differo	VER	Numb=Sing|Mood=Ind|Tense=Pres|Voice=Act|Person=3	_	differt
dissupat	dissipo	VER	Numb=Sing|Mood=Ind|Tense=Pres|Voice=Act|Person=3	_	dissupat
Visceratim	uisceratim	ADV	Deg=Pos	_	Uisceratim
membra	membrum	NOMcom	Case=Nom|Numb=Plur	_	membra
,	,	PUNC	MORPH=empty	_	--IGN.--
maria	mare	NOMcom	Case=Nom|Numb=Plur	_	maria
salsa	salsus	ADJqua	Case=Abl|Numb=Plur|Gend=Neut|Deg=Pos	_	salsa
spumant	spumo	VER	Numb=Plur|Mood=Ind|Tense=Pres|Voice=Act|Person=3	_	spumant
sanguine	sanguis	NOMcom	Case=Abl|Numb=Sing	_	sanguine
.	.	PUNC	MORPH=empty	_	--IGN.--
A	ab	PRE	MORPH=empty	_	A
filiis	filius	NOMcom	Case=Abl|Numb=Plur	_	filiis
propter	propter2	PRE	MORPH=empty	2	propter
te	tu	PROper	Case=Acc|Numb=Sing	_	te
objecta	obicio	VER	Case=Nom|Numb=Sing|Gend=Fem|Mood=Par|Tense=Perf|Voice=Pass	_	obiecta
sum	sum1	VER	Numb=Sing|Mood=Ind|Tense=Pres|Voice=Act|Person=1	1	sum
innocens	innocens	ADJqua	Case=Nom|Numb=Sing|Gend=Com|Deg=Pos	_	innocens
Nerei	nereus	ADJqua	Case=Gen|Numb=Sing	_	Nerei
.	.	PUNC	MORPH=empty	_	--IGN.--
Quae	qui1	PROrel	Case=Nom|Numb=Plur|Gend=Neut	1	Quae
mea	meus	PROpos	Case=Nom|Numb=Plur|Gend=Neut	_	mea
comminus	comminus	ADV	Deg=Pos	_	comminus
machæra	machaera	NOMcom	Case=Nom|Numb=Sing	_	machaera
atque	atque1	CONcoo	MORPH=empty	1	atque
hasta	hasta	NOMcom	Case=Abl|Numb=Sing	_	hasta
hospius	hospiter	ADJqua	Case=Nom|Numb=Sing|Deg=Pos	_	hospius
manu	manus1	NOMcom	Case=Abl|Numb=Sing	1	manu
Sublime	sublimis	ADJqua	Numb=Sing|Gend=Neut|Deg=Pos	_	Sublime
iter	iter	NOMcom	Case=Acc|Numb=Sing	_	iter
quadrupedantes	quadrupedans2	VER	Case=Nom|Numb=Plur|Gend=MascFem|Mood=Par|Tense=Pres|Voice=Dep	2	quadrupedantes
flammam	flamma	NOMcom	Case=Acc|Numb=Sing	_	flammam
halitantes	halito	VER	Case=Acc|Numb=Plur|Gend=MascFem|Mood=Par|Tense=Pres|Voice=Act	_	halitantes
Nos	nos	PROper	Case=Nom|Numb=Plur	_	Nos
quiescere	quiesco	VER	Mood=Inf|Tense=Pres|Voice=Act	_	quiescere
æquum	aequus	ADJqua	Case=Nom|Numb=Sing|Gend=Neut|Deg=Pos	_	aequum
est	sum1	VER	Numb=Sing|Mood=Ind|Tense=Pres|Voice=Act|Person=3	1	est
?	?	PUNC	MORPH=empty	_	--IGN.--
nomus	nomus	NOMcom	Case=Nom|Numb=Sing	_	nomus
ambo	ambo2	ADJcar	Case=Nom|Numb=Sing|Gend=Masc	2	ambo
Ulixem	Ulixes	NOMpro	Case=Acc|Numb=Sing	_	Ulixem
At	at2	CONcoo	MORPH=empty	2	At
ego	ego	PROper	Case=Nom|Numb=Sing	_	ego
,	,	PUNC	MORPH=empty	_	--IGN.--
omnipotens	omnipotens	ADJqua	Case=Nom|Numb=Sing|Gend=Com|Deg=Pos	_	omnipotens
Ted	tu	PROper	Case=Acc|Numb=Sing	_	Ted
exposco	exposco	VER	Numb=Sing|Mood=Ind|Tense=Pres|Voice=Act|Person=1	_	exposco
,	,	PUNC	MORPH=empty	_	--IGN.--
ut	ut4	CONsub	MORPH=empty	4	ut
hoc	hic1	PROdem	Case=Nom|Numb=Sing|Gend=Neut	1	hoc
consilium	consilium	NOMcom	Case=Acc|Numb=Sing	_	consilium
Achivis	achiuus	ADJqua	Case=Dat|Numb=Plur	_	Achiuis
auxilio	auxilium	NOMcom	Case=Dat|Numb=Sing	_	auxilio
fuat	sum1	VER	Numb=Sing|Mood=Sub|Tense=Pres|Voice=Act|Person=3	_	fuat
.	.	PUNC	MORPH=empty	_	--IGN.--
.	.	PUNC	MORPH=empty	_	--IGN.--
.	.	PUNC	MORPH=empty	_	--IGN.--
.	.	PUNC	MORPH=empty	_	--IGN.--
.	.	PUNC	MORPH=empty	_	--IGN.--
.	.	PUNC	MORPH=empty	_	--IGN.--
.	.	PUNC	MORPH=empty	_	--IGN.--
.	.	PUNC	MORPH=empty	_	--IGN.--
.	.	PUNC	MORPH=empty	_	--IGN.--
inferum	inferus	NOMcom	Case=Acc|Numb=Plur	_	inferum
vastos	uastus	ADJqua	Case=Acc|Numb=Plur|Gend=Masc|Deg=Pos	_	uastos
specus	specus	NOMcom	Case=Acc|Numb=Sing	_	specus
Hector	hector	NOMcom	Case=Nom|Numb=Sing	_	Hector
vi	uis	NOMcom	Case=Abl|Numb=Sing	_	ui
summa	summa	ADJqua	Case=Abl|Numb=Sing|Gend=Fem|Deg=Sup	_	summa
armatos	armati	ADJqua	Case=Acc|Numb=Plur|Gend=Masc|Deg=Pos	_	armatos
educit	educo2	VER	Numb=Sing|Mood=Ind|Tense=Pres|Voice=Act|Person=3	2	educit
foras	foras	ADV	Deg=Pos	_	foras
,	,	PUNC	MORPH=empty	_	--IGN.--
castrisque	castra	NOMcom	Case=Dat|Numb=Plur	2	castrisque
{castrisque}	que	CON	MORPH=empty	_	castrisque
castra	castra2	NOMcom	Case=Acc|Numb=Plur	2	castra
ultro	ultro	ADV	Deg=Pos	_	ultro
iam	iam	ADV	Deg=Pos	_	iam
conferre	confero	VER	Mood=Inf|Tense=Pres|Voice=Act	_	conferre
occupat	occupo2	VER	Numb=Sing|Mood=Ind|Tense=Pres|Voice=Act|Person=3	2	occupat
Melius	bonus	ADJqua	Case=Nom|Numb=Sing|Deg=Comp	_	Melius
est	sum1	VER	Numb=Sing|Mood=Ind|Tense=Pres|Voice=Act|Person=3	1	est
virtute	uirtus	NOMcom	Case=Abl|Numb=Sing	_	uirtute
ius	ius1	NOMcom	Case=Nom|Numb=Sing	1	ius
:	:	PUNC	MORPH=empty	_	--IGN.--
nam	nam	CONcoo	MORPH=empty	_	nam
sæpe	saepe	ADV	Deg=Pos	_	saepe
virtutem	uirtus	NOMcom	Case=Acc|Numb=Sing	_	uirtutem
mali	malum1	ADJqua	Case=Gen|Numb=Sing|Deg=Pos	1	mali
Nanciscuntur	nanciscor	VER	Numb=Plur|Mood=Ind|Tense=Pres|Voice=Pass|Person=3	_	Nanciscuntur
;	;	PUNC	MORPH=empty	_	--IGN.--
ius	ius1	NOMcom	Case=Acc|Numb=Sing	1	ius
atque	atque1	CONcoo	MORPH=empty	1	atque
æcum	aequus	NOMcom	Case=Acc|Numb=Sing	_	aecum
se	sui1	PROref	Case=Acc|Numb=Sing	1	se
a	ab	PRE	MORPH=empty	_	a
malis	malus1	NOMcom	Case=Abl|Numb=Plur	1	malis
spernit	sperno	VER	Numb=Sing|Mood=Ind|Tense=Pres|Voice=Act|Person=3	_	spernit
procul	procul	ADV	Deg=Pos	_	procul
.	.	PUNC	MORPH=empty	_	--IGN.--
†	†	PUNC	MORPH=empty	_	--IGN.--
ducet	duco	VER	Numb=Sing|Mood=Ind|Tense=Fut|Voice=Act|Person=3	_	ducet
quadrupedum	quadrupes1	NOMcom	Case=Gen|Numb=Plur	1	quadrupedum
iugo	iugum	NOMcom	Case=Dat|Numb=Sing	_	iugo
invitam	inuitus	ADJqua	Case=Acc|Numb=Sing|Gend=Fem|Deg=Pos	_	inuitam
doma	domo	NOMcom	Case=Nom|Numb=Sing	_	doma
infrena	infrena	NOMcom	Case=Abl|Numb=Sing	_	infrena
et	et2	CONcoo	MORPH=empty	2	et
iuge	iugis	NOMcom	Case=Abl|Numb=Sing	_	iuge
valida	ualidus	ADJqua	Case=Acc|Numb=Plur|Gend=Fem|Deg=Pos	_	ualida
quorum	qui1	PROrel	Case=Gen|Numb=Plur|Gend=MascNeut	1	quorum
tenacia	tenax	ADJqua	Case=Acc|Numb=Plur|Gend=Neut|Deg=Pos	_	tenacia
infrenari	infreno	VER	Mood=Inf|Tense=Pres|Voice=Pass	_	infrenari
minis	minae	NOMcom	Case=Abl|Numb=Plur	_	minis
.	.	PUNC	MORPH=empty	_	--IGN.--
Constitit	consisto	VER	Numb=Sing|Mood=Ind|Tense=Perf|Voice=Act|Person=3	_	Constitit
,	,	PUNC	MORPH=empty	_	--IGN.--
credo	credo	VER	Numb=Sing|Mood=Ind|Tense=Pres|Voice=Act|Person=1	_	credo
,	,	PUNC	MORPH=empty	_	--IGN.--
Scamander	scamander	NOMcom	Case=Nom|Numb=Sing	_	Scamander
;	;	PUNC	MORPH=empty	_	--IGN.--
arbores	arbor	NOMcom	Case=Acc|Numb=Plur	_	arbores
vento	uentus	NOMcom	Case=Abl|Numb=Sing	_	uento
vacant	uaco	VER	Numb=Plur|Mood=Ind|Tense=Pres|Voice=Act|Person=3	_	uacant
Qui	qui1	PROrel	Case=Nom|Numb=Plur|Gend=Masc	1	Qui
cupiant	cupio	VER	Numb=Plur|Mood=Sub|Tense=Pres|Voice=Act|Person=3	_	cupiant
dare	do	VER	Mood=Inf|Tense=Pres|Voice=Act	_	dare
arma	arma	NOMcom	Case=Acc|Numb=Plur	_	arma
Achilli	achillus	NOMcom	Case=Gen|Numb=Plur	_	Achilli
ut	ut4	CONsub	MORPH=empty	4	ut
ipse	ipse	PROdem	Case=Nom|Numb=Sing|Gend=Masc	_	ipse
,	,	PUNC	MORPH=empty	_	--IGN.--
cunctent	cunctor	VER	Numb=Plur|Mood=Sub|Tense=Pres|Voice=Act|Person=3	_	cunctent
.	.	PUNC	MORPH=empty	_	--IGN.--
.	.	PUNC	MORPH=empty	_	--IGN.--
.	.	PUNC	MORPH=empty	_	--IGN.--
.	.	PUNC	MORPH=empty	_	--IGN.--
.	.	PUNC	MORPH=empty	_	--IGN.--
.	.	PUNC	MORPH=empty	_	--IGN.--
.	.	PUNC	MORPH=empty	_	--IGN.--
.	.	PUNC	MORPH=empty	_	--IGN.--
.	.	PUNC	MORPH=empty	_	--IGN.--
per	per	PRE	MORPH=empty	_	per
vos	uos	PROper	Case=Acc|Numb=Plur	_	uos
et	et2	CONcoo	MORPH=empty	2	et
vostrorum	uester	PROpos	Case=Gen|Numb=Plur|Gend=MascNeut	_	uostrorum
Imperium	imperium	NOMcom	Case=Acc|Numb=Sing	_	Imperium
et	et2	CONcoo	MORPH=empty	2	et
fidem	fides2	NOMcom	Case=Acc|Numb=Sing	2	fidem
,	,	PUNC	MORPH=empty	_	--IGN.--
Myrmidonum	myrmido	ADJqua	Case=Gen|Numb=Plur	_	Myrmidonum
vigiles	uigiles	NOMcom	Case=Nom|Numb=Plur	_	uigiles
,	,	PUNC	MORPH=empty	_	--IGN.--
commiserescite	commiseresco	VER	Numb=Plur|Mood=Imp|Tense=Pres|Voice=Act|Person=2	_	commiserescite
!	!	PUNC	MORPH=empty	_	--IGN.--
Quid	quis1	PROint	Case=Acc|Numb=Sing|Gend=Neut	1	Quid
hoc	hic1	PROdem	Case=Acc|Numb=Sing|Gend=Neut	1	hoc
hic	hic1	PROdem	Case=Nom|Numb=Sing|Gend=Masc	1	hic
clamoris	clamor	NOMcom	Case=Gen|Numb=Sing	_	clamoris
?	?	PUNC	MORPH=empty	_	--IGN.--
quid	quis1	PROint	Case=Nom|Numb=Sing|Gend=Neut	1	quid
tumulti	tumultus	NOMcom	Case=Gen|Numb=Sing	_	tumulti
est	sum1	VER	Numb=Sing|Mood=Ind|Tense=Pres|Voice=Act|Person=3	1	est
?	?	PUNC	MORPH=empty	_	--IGN.--
nomen	nomen	NOMcom	Case=Acc|Numb=Sing	_	nomen
qui	qui1	PROrel	Case=Nom|Numb=Sing|Gend=Masc	1	qui
usurpat	usurpo	VER	Numb=Sing|Mood=Ind|Tense=Pres|Voice=Act|Person=3	_	usurpat
meum	meus	PROpos	Case=Acc|Numb=Sing|Gend=Masc	_	meum
?	?	PUNC	MORPH=empty	_	--IGN.--
Quid	quis1	PROint	Case=Nom|Numb=Sing|Gend=Neut	1	Quid
in	in	PRE	MORPH=empty	_	in
castris	castra2	NOMcom	Case=Abl|Numb=Plur	2	castris
strepiti	strepitus	NOMcom	Case=Nom|Numb=Sing	_	strepiti
est	sum1	VER	Numb=Sing|Mood=Ind|Tense=Pres|Voice=Act|Person=3	1	est
?	?	PUNC	MORPH=empty	_	--IGN.--
Aes	aes	NOMcom	Case=Nom|Numb=Sing	_	Aes
sonit	sono?	VER	Numb=Sing|Mood=Ind|Tense=Perf|Voice=Act|Person=3	_	sonit
,	,	PUNC	MORPH=empty	_	--IGN.--
franguntur	frango	VER	Numb=Plur|Mood=Ind|Tense=Pres|Voice=Pass|Person=3	_	franguntur
hastæ	hasta	NOMcom	Case=Nom|Numb=Plur	_	hastae
,	,	PUNC	MORPH=empty	_	--IGN.--
terra	terra	NOMcom	Case=Nom|Numb=Sing	_	terra
sudat	sudo	VER	Numb=Sing|Mood=Ind|Tense=Pres|Voice=Act|Person=3	_	sudat
sanguine	sanguis	NOMcom	Case=Abl|Numb=Sing	_	sanguine
Saeviter	saeuiter	ADV	Deg=Pos	_	Saeuiter
fortunam	fortuna	NOMcom	Case=Acc|Numb=Sing	_	fortunam
ferro	ferrum	NOMcom	Case=Abl|Numb=Sing	_	ferro
cernunt	cerno	VER	Numb=Plur|Mood=Ind|Tense=Pres|Voice=Act|Person=3	_	cernunt
de	de	PRE	MORPH=empty	_	de
victoria	uictoria	NOMcom	Case=Abl|Numb=Sing	_	uictoria
.	.	PUNC	MORPH=empty	_	--IGN.--
ecce	ecce	INJ	MORPH=empty	_	ecce
autem	autem	CONcoo	MORPH=empty	_	autem
caligo	caligo1	NOMcom	Case=Nom|Numb=Sing	1	caligo
oborta	oborior	VER	Case=Nom|Numb=Sing|Gend=Fem|Mood=Par|Tense=Perf|Voice=Pass	_	oborta
est	sum1	VER	Numb=Sing|Mood=Ind|Tense=Pres|Voice=Act|Person=3	1	est
,	,	PUNC	MORPH=empty	_	--IGN.--
omnem	omnis	PROind	Case=Acc|Numb=Sing|Gend=MascFem	_	omnem
prospectum	prospectus	NOMcom	Case=Acc|Numb=Sing	1	prospectum
abstulit	aufero	VER	Numb=Sing|Mood=Ind|Tense=Perf|Voice=Act|Person=3	_	abstulit
derepente	derepente	NOMcom	Case=Abl|Numb=Sing	_	derepente
;	;	PUNC	MORPH=empty	_	--IGN.--
contulit	confero	VER	Numb=Sing|Mood=Ind|Tense=Perf|Voice=Act|Person=3	_	contulit
sese	sui1	PROref	Case=Acc|Numb=Sing	1	sese
in	in	PRE	MORPH=empty	_	in
pedes	pes	NOMcom	Case=Acc|Numb=Plur	_	pedes
O	o	INJ	MORPH=empty	_	O
magna	magnus	ADJqua	Case=Acc|Numb=Plur|Gend=Neut|Deg=Pos	_	magna
templa	templum	NOMcom	Case=Acc|Numb=Plur	_	templa
cælitum	caeles1	NOMcom	Case=Gen|Numb=Plur	1	caelitum
commixta	commisceo	VER	Case=Nom|Numb=Sing|Gend=Fem|Mood=Par|Tense=Perf|Voice=Pass	_	commixta
stellis	stella	NOMcom	Case=Abl|Numb=Plur	_	stellis
splendidis	splendidus	ADJqua	Case=Abl|Numb=Plur|Gend=Com|Deg=Pos	_	splendidis
!	!	PUNC	MORPH=empty	_	--IGN.--
Haec	hic1	PROdem	Case=Acc|Numb=Plur|Gend=Neut	1	Haec
tu	tu	PROper	Case=Nom|Numb=Sing	_	tu
etsi	etsi2	CONsub	MORPH=empty	2	etsi
perverse	peruerse	ADV	Deg=Pos	_	peruerse
dices	dico2	VER	Numb=Sing|Mood=Ind|Tense=Fut|Voice=Act|Person=2	2	dices
,	,	PUNC	MORPH=empty	_	--IGN.--
facile	facile	ADV	Deg=Pos	_	facile
Achivos	achiuus	NOMcom	Case=Acc|Numb=Plur	_	Achiuos
flexeris	flecto	VER	Numb=Sing|Mood=Sub|Tense=Perf|Voice=Act|Person=2	_	flexeris
;	;	PUNC	MORPH=empty	_	--IGN.--
nam	nam	CONcoo	MORPH=empty	_	nam
opulenti	opulentus	ADJqua	Case=Nom|Numb=Plur|Gend=Masc|Deg=Pos	_	opulenti
cum	cum3	CONsub	MORPH=empty	3	cum
locuntur	loquor	VER	Numb=Plur|Mood=Ind|Tense=Pres|Voice=Pass|Person=3	_	locuntur
pariter	pariter	ADV	Deg=Pos	_	pariter
atque	atque1	CONcoo	MORPH=empty	1	atque
ignobiles	ignobilis	ADJqua	Case=Nom|Numb=Plur|Gend=MascFem|Deg=Pos	_	ignobiles
,	,	PUNC	MORPH=empty	_	--IGN.--
eadem	idem	PROdem	Case=Nom|Numb=Plur|Gend=Neut	_	eadem
dicta	dictum	NOMcom	Case=Acc|Numb=Plur	_	dicta
eademque	idem	PROdem	Case=Nom|Numb=Sing|Gend=Fem	_	eademque
{eademque}	que	CON	MORPH=empty	_	eademque
oratio	oratio	NOMcom	Case=Nom|Numb=Sing	_	oratio
æqua	aequus	ADJqua	Case=Nom|Numb=Sing|Gend=Fem|Deg=Pos	_	aequa
non	non	ADVneg	MORPH=empty	_	non
æque	aeque	ADV	Deg=Pos	_	aeque
valet	ualeo	VER	Numb=Sing|Mood=Ind|Tense=Pres|Voice=Act|Person=3	_	ualet
Vide	uideo	VER	Numb=Sing|Mood=Imp|Tense=Pres|Voice=Act|Person=2	_	Uide
hunc	hic1	PROdem	Case=Acc|Numb=Sing|Gend=Masc	1	hunc
,	,	PUNC	MORPH=empty	_	--IGN.--
meæ	meus	PROpos	Case=Nom|Numb=Sing|Gend=Fem	_	meae
in	in	PRE	MORPH=empty	_	in
quem	qui1	PROrel	Case=Acc|Numb=Sing|Gend=Masc	1	quem
lacrumæ	lacrima	NOMcom	Case=Nom|Numb=Plur	_	lacrumae
guttatim	guttatim	ADV	Deg=Pos	_	guttatim
cadunt	cado	VER	Numb=Plur|Mood=Ind|Tense=Pres|Voice=Act|Person=3	_	cadunt
Juppiter	iuppiter	NOMcom	Case=Nom|Numb=Sing	_	Iuppiter
tibi	tu	PROper	Case=Dat|Numb=Sing	_	tibi
summe	summe	ADV	Numb=Sing|Deg=Pos	_	summe
tandem	tandem	ADV	Deg=Pos	_	tandem
male	male	ADV	Deg=Pos	_	male
re	res	NOMcom	Case=Abl|Numb=Sing	_	re
gesta	gero	VER	Case=Nom|Numb=Sing|Gend=Fem|Mood=Par|Tense=Perf|Voice=Pass	_	gesta
gratulor	gratulor	VER	Numb=Sing|Mood=Ind|Tense=Pres|Voice=Dep|Person=1	_	gratulor
.	.	PUNC	MORPH=empty	_	--IGN.--
Set	sed	CONcoo	MORPH=empty	_	Set
numquam	numquam	ADVneg	MORPH=empty	_	numquam
scripstis	scribo	VER	Numb=Plur|Mood=Ind|Tense=Perf|Voice=Act|Person=2	_	scripstis
,	,	PUNC	MORPH=empty	_	--IGN.--
qui	qui1	PROrel	Case=Nom|Numb=Sing|Gend=Masc	1	qui
parentem	parens1	NOMcom	Case=Acc|Numb=Sing	1	parentem
aut	aut	CONcoo	MORPH=empty	_	aut
hospitem	hospes	NOMcom	Case=Acc|Numb=Sing	_	hospitem
necasset	neco	VER	Numb=Sing|Mood=Sub|Tense=Pqp|Voice=Act|Person=3	_	necasset
quo	qui2	PROint	Case=Abl|Numb=Sing|Gend=MascNeut	2	quo
quis	quis2	PROind	Case=Abl|Numb=Sing|Gend=MascFem	1	quis
cruciatu	cruciatus	NOMcom	Case=Abl|Numb=Sing	_	cruciatu
perbiteret	perbito	VER	Numb=Sing|Mood=Sub|Tense=Impa|Voice=Act|Person=3	_	perbiteret
.	.	PUNC	MORPH=empty	_	--IGN.--
.	.	PUNC	MORPH=empty	_	--IGN.--
.	.	PUNC	MORPH=empty	_	--IGN.--
.	.	PUNC	MORPH=empty	_	--IGN.--
.	.	PUNC	MORPH=empty	_	--IGN.--
.	.	PUNC	MORPH=empty	_	--IGN.--
.	.	PUNC	MORPH=empty	_	--IGN.--
undantem	undo	VER	Case=Acc|Numb=Sing|Gend=MascFem|Mood=Par|Tense=Pres|Voice=Act	_	undantem
salum	salum	NOMcom	Case=Acc|Numb=Sing	_	salum
Heu	heu	INJ	MORPH=empty	_	Heu
me	ego	PROper	Case=Acc|Numb=Sing	_	me
miseram	miser	ADJqua	Case=Acc|Numb=Sing|Gend=Fem|Deg=Pos	_	miseram
!	!	PUNC	MORPH=empty	_	--IGN.--
interii	intereo1	VER	Numb=Plur|Mood=Inf|Tense=Pres|Voice=Pass	1	interii
:	:	PUNC	MORPH=empty	_	--IGN.--
pergunt	pergo	VER	Numb=Plur|Mood=Ind|Tense=Pres|Voice=Act|Person=3	_	pergunt
lavere	lauo2	VER	Mood=Inf|Tense=Pres|Voice=Act	2	lauere
sanguen	sanguis	NOMcom	Case=Acc|Numb=Sing	_	sanguen
sanguine	sanguis	NOMcom	Case=Abl|Numb=Sing	_	sanguine
.	.	PUNC	MORPH=empty	_	--IGN.--
Quae	qui1	PROrel	Case=Nom|Numb=Sing|Gend=Fem	1	Quae
tibi	tu	PROper	Case=Dat|Numb=Sing	_	tibi
in	in	PRE	MORPH=empty	_	in
concubio	concubium	NOMcom	Case=Abl|Numb=Sing	_	concubio
verecunde	uerecunde	ADV	Deg=Pos	_	uerecunde
et	et2	CONcoo	MORPH=empty	2	et
modice	modice	ADV	Deg=Pos	_	modice
morem	mos	NOMcom	Case=Acc|Numb=Sing	_	morem
gerit	gero	VER	Numb=Sing|Mood=Ind|Tense=Pres|Voice=Act|Person=3	_	gerit
.	.	PUNC	MORPH=empty	_	--IGN.--
.	.	PUNC	MORPH=empty	_	--IGN.--
.	.	PUNC	MORPH=empty	_	--IGN.--
.	.	PUNC	MORPH=empty	_	--IGN.--
.	.	PUNC	MORPH=empty	_	--IGN.--
miserete	misereor	VER	Numb=Sing|Mood=Imp|Tense=Pres|Voice=Act|Person=2	_	miserete
anuis	anua	NOMcom	Case=Abl|Numb=Plur	_	anuis
:	:	PUNC	MORPH=empty	_	--IGN.--
date	do	VER	Numb=Plur|Mood=Imp|Tense=Pres|Voice=Act|Person=2	_	date
ferrum	ferrum	NOMcom	Case=Acc|Numb=Sing	_	ferrum
,	,	PUNC	MORPH=empty	_	--IGN.--
qui	qui1	PROrel	Case=Nom|Numb=Sing|Gend=Masc	1	qui
me	ego	PROper	Case=Acc|Numb=Sing	_	me
anima	anima	NOMcom	Case=Abl|Numb=Sing	_	anima
privem	priuis	ADJqua	Case=Acc|Numb=Sing|Gend=MascFem|Deg=Pos	_	priuem
Senex	senex1	NOMcom	Case=Nom|Numb=Sing	1	Senex
sum	sum1	VER	Numb=Sing|Mood=Ind|Tense=Pres|Voice=Act|Person=1	1	sum
:	:	PUNC	MORPH=empty	_	--IGN.--
utinam	utinam	ADV	Deg=Pos	_	utinam
mortem	mors	NOMcom	Case=Acc|Numb=Sing	_	mortem
oppetam	oppeto	VER	Numb=Sing|Mood=Sub|Tense=Pres|Voice=Act|Person=1	_	oppetam
,	,	PUNC	MORPH=empty	_	--IGN.--
prius	prius	ADJadv.ord	Deg=Comp	_	prius
quam	quam1	ADVrel	MORPH=empty	1	quam
evenat	euenio	VER	Numb=Sing|Mood=Sub|Tense=Pres|Voice=Act|Person=3	_	euenat
quod	quod2	CONsub	Case=Acc|Gend=Neut	1	quod
in	in	PRE	MORPH=empty	_	in
pauperie	pauperies	NOMcom	Case=Abl|Numb=Sing	_	pauperie
mea	meus	PROpos	Case=Abl|Numb=Sing|Gend=Fem	_	mea
senex	senex1	NOMcom	Case=Nom|Numb=Sing	1	senex
graviter	grauiter	ADV	Deg=Pos	_	grauiter
gemam	gemo	VER	Numb=Sing|Mood=Sub|Tense=Pres|Voice=Act|Person=1	_	gemam
!	!	PUNC	MORPH=empty	_	--IGN.--
Achille	achilles	NOMcom	Case=Nom|Numb=Sing	_	Achille
Astrologorum	astrologus	NOMcom	Case=Gen|Numb=Plur	_	Astrologorum
signa	signum	NOMcom	Case=Nom|Numb=Plur	_	signa
in	in	PRE	MORPH=empty	_	in
cælo	caelum1	NOMcom	Case=Abl|Numb=Sing	1	caelo
quid	quis1	PROint	Case=Nom|Numb=Sing|Gend=Neut	1	quid
sit	sum1	VER	Numb=Sing|Mood=Sub|Tense=Pres|Voice=Act|Person=3	1	sit
observationis	obseruatio	NOMcom	Case=Gen|Numb=Sing	_	obseruationis
,	,	PUNC	MORPH=empty	_	--IGN.--
cum	cum3	CONsub	MORPH=empty	3	cum
Capra	capra	NOMcom	Case=Nom|Numb=Sing	_	Capra
aut	aut	CONcoo	MORPH=empty	_	aut
Nepa	nepas	NOMcom	Case=Nom|Numb=Sing	_	Nepa
aut	aut	CONcoo	MORPH=empty	_	aut
exoritur	exorior	VER	Numb=Sing|Mood=Ind|Tense=Pres|Voice=Dep|Person=3	_	exoritur
nomen	nomen	NOMcom	Case=Nom|Numb=Sing	_	nomen
aliquod	aliquis	PROind	Case=Nom|Numb=Sing|Gend=Neut	_	aliquod
belvarum	bellua	NOMcom	Case=Gen|Numb=Plur	_	beluarum
:	:	PUNC	MORPH=empty	_	--IGN.--
quod	qui1	PROrel	Case=Nom|Numb=Sing|Gend=Neut	1	quod
est	sum1	VER	Numb=Sing|Mood=Ind|Tense=Pres|Voice=Act|Person=3	1	est
ante	ante2	PRE	MORPH=empty	2	ante
pedes	pes	NOMcom	Case=Acc|Numb=Plur	_	pedes
,	,	PUNC	MORPH=empty	_	--IGN.--
nemo	nemo	PROind	Case=Nom|Numb=Sing	_	nemo
spectat	specto	VER	Numb=Sing|Mood=Ind|Tense=Pres|Voice=Act|Person=3	_	spectat
,	,	PUNC	MORPH=empty	_	--IGN.--
cæli	caelum1	NOMcom	Case=Gen|Numb=Sing	1	caeli
scrutantur	scrutor	VER	Numb=Plur|Mood=Ind|Tense=Pres|Voice=Dep|Person=3	_	scrutantur
plagas	plaga1	NOMcom	Case=Acc|Numb=Plur	1	plagas
.	.	PUNC	MORPH=empty	_	--IGN.--
Quid	quis1	PROint	Case=Nom|Numb=Sing|Gend=Neut	1	Quid
noctis	nox	NOMcom	Case=Gen|Numb=Sing	_	noctis
videtur	uideo	VER	Numb=Sing|Mood=Ind|Tense=Pres|Voice=Pass|Person=3	_	uidetur
?	?	PUNC	MORPH=empty	_	--IGN.--
—	—	PUNC	MORPH=empty	_	--IGN.--
in	in	PRE	MORPH=empty	_	in
altisono	altisonus	ADJqua	Case=Abl|Numb=Sing|Gend=MascNeut|Deg=Pos	_	altisono
caeli	caelum1	NOMcom	Case=Gen|Numb=Sing	1	caeli
clipeo	clipeus	NOMcom	Case=Abl|Numb=Sing	_	clipeo
Temo	temo	NOMcom	Case=Nom|Numb=Sing	_	Temo
superat	supero	VER	Numb=Sing|Mood=Ind|Tense=Pres|Voice=Act|Person=3	_	superat
stellas	stella	NOMcom	Case=Acc|Numb=Plur	_	stellas
sublimen	sublimen	NOMcom	Case=Acc|Numb=Sing	_	sublimen
agens	ago	VER	Case=Nom|Numb=Sing|Gend=Com|Mood=Par|Tense=Pres|Voice=Act	_	agens
etiam	etiam	ADV	Deg=Pos	_	etiam
atque	atque1	CONcoo	MORPH=empty	1	atque
etiam	etiam	ADV	Deg=Pos	_	etiam
noctis	nox	NOMcom	Case=Gen|Numb=Sing	_	noctis
iter	iter	NOMcom	Case=Acc|Numb=Sing	_	iter
.	.	PUNC	MORPH=empty	_	--IGN.--
Choeur	choeures	NOMcom	Case=Nom|Numb=Sing	_	Choeur
Otio	otium	NOMcom	Case=Abl|Numb=Sing	_	Otio
qui	qui1	PROrel	Case=Nom|Numb=Sing|Gend=Masc	1	qui
nescit	nescio	VER	Numb=Sing|Mood=Ind|Tense=Pres|Voice=Act|Person=3	_	nescit
uti	utor	ADV	MORPH=empty	_	uti
,	,	PUNC	MORPH=empty	_	--IGN.--
plus	multus	ADJqua	Case=Acc|Numb=Sing|Gend=Neut|Deg=Comp	_	plus
negoti	negotium	NOMcom	Case=Gen|Numb=Sing	_	negoti
habet	habeo	VER	Numb=Sing|Mood=Ind|Tense=Pres|Voice=Act|Person=3	_	habet
,	,	PUNC	MORPH=empty	_	--IGN.--
quam	quam1	ADVrel	MORPH=empty	1	quam
cum	cum2	PRE	MORPH=empty	3	cum
quis	quis2	PROind	Case=Nom|Numb=Sing|Gend=MascFem	2	quis
negotium	negotium	NOMcom	Case=Acc|Numb=Sing	_	negotium
in	in	PRE	MORPH=empty	_	in
negotio	negotium	NOMcom	Case=Abl|Numb=Sing	_	negotio
.	.	PUNC	MORPH=empty	_	--IGN.--
Nam	nam	CONcoo	MORPH=empty	_	Nam
cui	qui1	PROrel	Case=Dat|Numb=Sing|Gend=Com	1	cui
,	,	PUNC	MORPH=empty	_	--IGN.--
quod	qui1	PROrel	Case=Nom|Numb=Sing|Gend=Neut	1	quod
agat	ago	VER	Numb=Sing|Mood=Sub|Tense=Pres|Voice=Act|Person=3	_	agat
institutum	instituo	VER	Case=Nom|Numb=Sing|Gend=Neut|Mood=Par|Tense=Perf|Voice=Pass	_	institutum
est	sum1	VER	Numb=Sing|Mood=Ind|Tense=Pres|Voice=Act|Person=3	1	est
,	,	PUNC	MORPH=empty	_	--IGN.--
non	non	ADVneg	MORPH=empty	_	non
ullo	ullus	PROind	Case=Abl|Numb=Sing|Gend=MascNeut	_	ullo
negotio	negotium	NOMcom	Case=Abl|Numb=Sing	_	negotio
;	;	PUNC	MORPH=empty	_	--IGN.--
id	is	PROdem	Case=Acc|Numb=Sing|Gend=Neut	_	id
agit	ago	VER	Numb=Sing|Mood=Ind|Tense=Pres|Voice=Act|Person=3	_	agit
,	,	PUNC	MORPH=empty	_	--IGN.--
id	is	PROdem	Case=Acc|Numb=Sing|Gend=Neut	_	id
studet	studeo	VER	Numb=Sing|Mood=Ind|Tense=Pres|Voice=Act|Person=3	_	studet
,	,	PUNC	MORPH=empty	_	--IGN.--
ibi	ibi	ADV	Deg=Pos	_	ibi
mentem	mens	NOMcom	Case=Acc|Numb=Sing	_	mentem
atque	atque1	CONcoo	MORPH=empty	1	atque
animum	animus	NOMcom	Case=Acc|Numb=Sing	_	animum
delectat	delecto	VER	Numb=Sing|Mood=Ind|Tense=Pres|Voice=Act|Person=3	_	delectat
suum	suus	PROpos.ref	Case=Acc|Numb=Sing|Gend=MascNeut	_	suum
.	.	PUNC	MORPH=empty	_	--IGN.--
Otioso	otiosus	ADJqua	Case=Abl|Numb=Sing|Gend=MascNeut|Deg=Pos	_	Otioso
in	in	PRE	MORPH=empty	_	in
otio	otium	NOMcom	Case=Abl|Numb=Sing	_	otio
animus	animus	NOMcom	Case=Nom|Numb=Sing	_	animus
nescit	nescio	VER	Numb=Sing|Mood=Ind|Tense=Pres|Voice=Act|Person=3	_	nescit
quid	quis1	PROint	Case=Acc|Numb=Sing|Gend=Neut	1	quid
velit	uolo3	VER	Numb=Sing|Mood=Sub|Tense=Pres|Voice=Act|Person=3	3	uelit
.	.	PUNC	MORPH=empty	_	--IGN.--
Hoc	hic1	PROdem	Case=Nom|Numb=Sing|Gend=Neut	1	Hoc
idem	idem	PROdem	Case=Nom|Numb=Sing|Gend=Neut	_	idem
est	sum1	VER	Numb=Sing|Mood=Ind|Tense=Pres|Voice=Act|Person=3	1	est
:	:	PUNC	MORPH=empty	_	--IGN.--
em	hem	INJ	MORPH=empty	_	em
neque	neque	CONcoo	MORPH=empty	_	neque
domi	domus	NOMcom	Case=Loc|Numb=Sing	_	domi
nunc	nunc	ADV	Deg=Pos	_	nunc
nos	nos	PROper	Case=Nom|Numb=Plur	_	nos
nec	nec2	CONcoo	MORPH=empty	2	nec
militiae	militia	NOMcom	Case=Nom|Numb=Sing	_	militiae
sumus	sum1	VER	Numb=Plur|Mood=Ind|Tense=Pres|Voice=Act|Person=1	1	sumus
:	:	PUNC	MORPH=empty	_	--IGN.--
imus	eo1	VER	Numb=Plur|Mood=Ind|Tense=Pres|Voice=Act|Person=1	_	imus
huc	huc	ADV	Deg=Pos	_	huc
,	,	PUNC	MORPH=empty	_	--IGN.--
hinc	hinc	ADV	Deg=Pos	_	hinc
illuc	illuc	ADV	Deg=Pos	_	illuc
;	;	PUNC	MORPH=empty	_	--IGN.--
cum	cum2	PRE	MORPH=empty	2	cum
illuc	illuc	ADV	Deg=Pos	_	illuc
ventum	uenio	VER	Case=Nom|Numb=Sing|Gend=Neut|Mood=Par|Tense=Perf|Voice=Pass	_	uentum
est	sum1	VER	Numb=Sing|Mood=Ind|Tense=Pres|Voice=Act|Person=3	1	est
,	,	PUNC	MORPH=empty	_	--IGN.--
ire	eo1	VER	Mood=Inf|Tense=Pres|Voice=Act	1	ire
illinc	illinc	ADV	Deg=Pos	_	illinc
lubet	libet	VER	Numb=Sing|Mood=Ind|Tense=Pres|Voice=Act|Person=3	_	lubet
.	.	PUNC	MORPH=empty	_	--IGN.--
incerte	incerte	ADV	Deg=Pos	_	incerte
errat	erro2	VER	Numb=Sing|Mood=Ind|Tense=Pres|Voice=Act|Person=3	2	errat
animus	animus	NOMcom	Case=Nom|Numb=Sing	_	animus
,	,	PUNC	MORPH=empty	_	--IGN.--
praeter	praeter2	PRE	MORPH=empty	2	praeter
propter	propter2	PRE	MORPH=empty	2	propter
vitam	uita	NOMcom	Case=Acc|Numb=Sing	_	uitam
vivitur	uiuo	VER	Numb=Sing|Mood=Ind|Tense=Pres|Voice=Pass|Person=3	_	uiuitur
.	.	PUNC	MORPH=empty	_	--IGN.--
Iphigenie	iphigenie	NOMpro	Case=Gen|Numb=Sing	_	Iphigenie
Acherontem	acheron	NOMcom	Case=Acc|Numb=Sing	_	Acherontem
obibo	obeo1	VER	Numb=Sing|Mood=Ind|Tense=Fut|Voice=Act|Person=1	1	obibo
,	,	PUNC	MORPH=empty	_	--IGN.--
ubi	ubi3	CONsub	MORPH=empty	3	ubi
Mortis	mors	NOMcom	Case=Gen|Numb=Sing	_	Mortis
thesauri	thesaurus	NOMcom	Case=Gen|Numb=Sing	_	thesauri
objacent	obiaceo	VER	Numb=Plur|Mood=Ind|Tense=Pres|Voice=Act|Person=3	_	obiacent
procede	procedo1	VER	Numb=Sing|Mood=Imp|Tense=Pres|Voice=Act|Person=2	1	procede
:	:	PUNC	MORPH=empty	_	--IGN.--
gradum	gradus	NOMcom	Case=Acc|Numb=Sing	_	gradum
proferre	profero	VER	Mood=Inf|Tense=Pres|Voice=Act	_	proferre
pedum	pes	NOMcom	Case=Gen|Numb=Plur	_	pedum
nitere	niteo	VER	Numb=Sing|Mood=Inf|Tense=Pres|Voice=Act	_	nitere
:	:	PUNC	MORPH=empty	_	--IGN.--
cessas	cesso	VER	Numb=Sing|Mood=Ind|Tense=Pres|Voice=Act|Person=2	_	cessas
,	,	PUNC	MORPH=empty	_	--IGN.--
o	o	INJ	MORPH=empty	_	o
fide	fides2	NOMcom	Case=Abl|Numb=Sing	2	fide
Menelaus	menelaus	NOMcom	Case=Nom|Numb=Sing	_	Menelaus
me	ego	PROper	Case=Acc|Numb=Sing	_	me
objurgat	obiurgo	VER	Numb=Sing|Mood=Sub|Tense=Pres|Voice=Act|Person=3	_	obiurgat
?	?	PUNC	MORPH=empty	_	--IGN.--
id	is	PROdem	Case=Nom|Numb=Sing|Gend=Neut	_	id
meis	meus	PROpos	Case=Abl|Numb=Plur|Gend=Com	_	meis
rebus	res	NOMcom	Case=Dat|Numb=Plur	_	rebus
regimen	regimen	NOMcom	Case=Nom|Numb=Sing	_	regimen
restitat	restito	VER	Numb=Sing|Mood=Ind|Tense=Pres|Voice=Act|Person=3	_	restitat
.	.	PUNC	MORPH=empty	_	--IGN.--
quae	qui1	PROrel	Case=Nom|Numb=Plur|Gend=Neut	1	quae
nunc	nunc	ADV	Deg=Pos	_	nunc
abs	ab	PRE	MORPH=empty	_	abs
te	tu	PROper	Case=Abl|Numb=Sing	_	te
viduæ	uidua	NOMcom	Case=Nom|Numb=Plur	_	uiduae
et	et2	CONcoo	MORPH=empty	2	et
vastæ	uastus	ADJqua	Case=Nom|Numb=Plur|Gend=Fem|Deg=Pos	_	uastae
virgines	uirgo	NOMcom	Case=Nom|Numb=Plur	_	uirgines
sunt	sum1	VER	Numb=Plur|Mood=Ind|Tense=Pres|Voice=Act|Person=3	1	sunt
Utinam	utinam	ADV	Deg=Pos	_	Utinam
ne	ne4	CONsub	MORPH=empty	4	ne
in	in	PRE	MORPH=empty	_	in
nemore	nemus	NOMcom	Case=Abl|Numb=Sing	_	nemore
Pelio	pelius	NOMcom	Case=Abl|Numb=Sing	_	Pelio
securibus	securis	NOMcom	Case=Abl|Numb=Plur	_	securibus
caesa	caedo	VER	Case=Nom|Numb=Sing|Gend=Fem|Mood=Par|Tense=Perf|Voice=Pass	_	caesa
accidisset	accido1	VER	Numb=Sing|Mood=Sub|Tense=Pqp|Voice=Act|Person=3	1	accidisset
abiegna	abiegnus	ADJqua	Case=Abl|Numb=Sing|Gend=Fem|Deg=Pos	_	abiegna
ad	ad2	PRE	MORPH=empty	2	ad
terram	terra	NOMcom	Case=Acc|Numb=Sing	_	terram
trabes	trabs	NOMcom	Case=Acc|Numb=Plur	_	trabes
;	;	PUNC	MORPH=empty	_	--IGN.--
neve	neue2	CONsub	MORPH=empty	2	neue
inde	inde	ADV	Deg=Pos	_	inde
navis	nauis	NOMcom	Case=Gen|Numb=Sing	_	nauis
inchoandi	inchoo	VER	Case=Gen|Numb=Sing|Mood=Ger|Voice=Act	_	inchoandi
exordium	exordium	NOMcom	Case=Acc|Numb=Sing	_	exordium
coepisset	coepio	VER	Numb=Sing|Mood=Sub|Tense=Pqp|Voice=Act|Person=3	_	coepisset
,	,	PUNC	MORPH=empty	_	--IGN.--
quae	qui1	PROrel	Case=Nom|Numb=Sing|Gend=Fem	1	quae
nunc	nunc	ADV	Deg=Pos	_	nunc
nominatur	nomino	VER	Numb=Sing|Mood=Ind|Tense=Pres|Voice=Pass|Person=3	_	nominatur
nomine	nomen	NOMcom	Case=Abl|Numb=Sing	_	nomine
argo	argo	NOMcom	Case=Abl|Numb=Sing	_	argo
;	;	PUNC	MORPH=empty	_	--IGN.--
quia	quia	CONsub	MORPH=empty	_	quia
Argivi	argiuus	ADJqua	Case=Nom|Numb=Sing	_	Argiui
in	in	PRE	MORPH=empty	_	in
ea	is	PROdem	Case=Abl|Numb=Plur|Gend=Fem	_	ea
delecti	deligo3	VER	Case=Nom|Numb=Plur|Gend=Masc|Mood=Par|Tense=Perf|Voice=Pass	3	delecti
viri	uir	NOMcom	Case=Nom|Numb=Plur	_	uiri
vecti	ueho	VER	Case=Nom|Numb=Plur|Gend=Masc|Mood=Par|Tense=Perf|Voice=Pass	_	uecti
petebant	peto	VER	Numb=Plur|Mood=Ind|Tense=Impa|Voice=Act|Person=3	_	petebant
pellem	pellis	NOMcom	Case=Acc|Numb=Sing	_	pellem
inauratam	inauro	VER	Case=Acc|Numb=Sing|Gend=Fem|Mood=Par|Tense=Perf|Voice=Pass	_	inauratam
arietis	aries	NOMcom	Case=Gen|Numb=Sing	_	arietis
colchis	colchis	NOMcom	Case=Gen|Numb=Plur	_	colchis
,	,	PUNC	MORPH=empty	_	--IGN.--
imperio	imperium	NOMcom	Case=Abl|Numb=Sing	_	imperio
regis	rex	NOMcom	Case=Gen|Numb=Sing	_	regis
Peliae	pelia	NOMcom	Case=Gen|Numb=Sing	_	Peliae
,	,	PUNC	MORPH=empty	_	--IGN.--
per	per	PRE	MORPH=empty	_	per
dolum	dolus	NOMcom	Case=Acc|Numb=Sing	_	dolum
.	.	PUNC	MORPH=empty	_	--IGN.--
nam	nam	CONcoo	MORPH=empty	_	nam
numquam	numquam	ADVneg	MORPH=empty	_	numquam
era	hera	NOMcom	Case=Nom|Numb=Sing	_	era
errans	erro2	VER	Case=Nom|Numb=Sing|Gend=Com|Mood=Par|Tense=Pres|Voice=Act	2	errans
mea	meus	PROpos	Case=Abl|Numb=Sing|Gend=Fem	_	mea
domo	domus	NOMcom	Case=Abl|Numb=Sing	_	domo
ecferret	effero2	VER	Numb=Sing|Mood=Sub|Tense=Impa|Voice=Act|Person=3	2	ecferret
pedem	pes	NOMcom	Case=Acc|Numb=Sing	_	pedem
:	:	PUNC	MORPH=empty	_	--IGN.--
Medea	medea	ADJqua	Case=Abl|Numb=Sing	_	Medea
,	,	PUNC	MORPH=empty	_	--IGN.--
animo	animus	NOMcom	Case=Abl|Numb=Sing	_	animo
ægra	aeger2	ADJqua	Case=Abl|Numb=Sing|Gend=Fem|Deg=Pos	2	aegra
,	,	PUNC	MORPH=empty	_	--IGN.--
amore	amor	NOMcom	Case=Abl|Numb=Sing	_	amore
sævo	saeuus	ADJqua	Case=Abl|Numb=Sing|Gend=MascNeut|Deg=Pos	_	saeuo
saucia	saucius	ADJqua	Case=Nom|Numb=Sing|Gend=Fem|Deg=Pos	_	saucia
.	.	PUNC	MORPH=empty	_	--IGN.--
Quæ	qui1	PROrel	Case=Nom|Numb=Plur|Gend=Fem	1	Quae
Corinthum	corinthus	NOMcom	Case=Acc|Numb=Sing	_	Corinthum
arcem	arx	NOMcom	Case=Acc|Numb=Sing	_	arcem
altam	altus	ADJqua	Case=Acc|Numb=Sing|Gend=Fem|Deg=Pos	_	altam
habetis	habeo	VER	Numb=Plur|Mood=Ind|Tense=Pres|Voice=Act|Person=2	_	habetis
,	,	PUNC	MORPH=empty	_	--IGN.--
matronae	matrona	NOMcom	Case=Nom|Numb=Plur	_	matronae
Multi	multi	ADJqua	Case=Nom|Numb=Plur|Gend=Masc|Deg=Pos	_	Multi
suam	suus	PROpos.ref	Case=Acc|Numb=Sing|Gend=Fem	_	suam
rem	res	NOMcom	Case=Acc|Numb=Sing	_	rem
bene	bene	ADV	Deg=Pos	_	bene
gessere	gero	VER	Numb=Plur|Mood=Ind|Tense=Perf|Voice=Act|Person=3	_	gessere
et	et2	CONcoo	MORPH=empty	2	et
publicam	publicus2	ADJqua	Case=Acc|Numb=Sing|Gend=Fem|Deg=Pos	2	publicam
patria	patria	NOMcom	Case=Nom|Numb=Sing	_	patria
procul	procul	ADV	Deg=Pos	_	procul
;	;	PUNC	MORPH=empty	_	--IGN.--
multi	multus	ADJqua	Case=Nom|Numb=Plur|Gend=Masc|Deg=Pos	_	multi
,	,	PUNC	MORPH=empty	_	--IGN.--
qui	qui1	PROrel	Case=Nom|Numb=Plur|Gend=Masc	1	qui
domi	domus	NOMcom	Case=Loc|Numb=Sing	_	domi
ætatem	aetas	NOMcom	Case=Acc|Numb=Sing	_	aetatem
agerent	ago	VER	Numb=Plur|Mood=Sub|Tense=Impa|Voice=Act|Person=3	_	agerent
,	,	PUNC	MORPH=empty	_	--IGN.--
propterea	propterea	ADV	Deg=Pos	_	propterea
sunt	sum1	VER	Numb=Plur|Mood=Ind|Tense=Pres|Voice=Act|Person=3	1	sunt
inprobati	improbo	ADJqua	Case=Nom|Numb=Plur|Gend=Masc|Deg=Pos	_	inprobati
.	.	PUNC	MORPH=empty	_	--IGN.--
qui	qui1	PROrel	Case=Nom|Numb=Sing|Gend=Masc	1	qui
ipse	ipse	PROdem	Case=Nom|Numb=Sing|Gend=Masc	_	ipse
sibi	sui1	PROref	Case=Dat|Numb=Sing	1	sibi
sapiens	sapiens2	ADJqua	Case=Nom|Numb=Sing	1	sapiens
prodesse	prosum1	VER	Mood=Inf|Tense=Pres|Voice=Act	1	prodesse
non	non	ADVneg	MORPH=empty	_	non
quit	queo	VER	Numb=Sing|Mood=Ind|Tense=Pres|Voice=Act|Person=3	_	quit
,	,	PUNC	MORPH=empty	_	--IGN.--
nequiquam	nequiquam	ADV	Deg=Pos	_	nequiquam
sapit	sapio	VER	Numb=Sing|Mood=Ind|Tense=Pres|Voice=Act|Person=3	_	sapit
Nourrice	nouerrix	VER	Case=Abl|Numb=Sing	_	Nourrice
Cupido	cupido	NOMcom	Case=Nom|Numb=Sing|Gend=MascNeut	_	Cupido
cepit	capio2	VER	Numb=Sing|Mood=Ind|Tense=Perf|Voice=Act|Person=3	2	cepit
miseram	miser	ADJqua	Case=Acc|Numb=Sing|Gend=Fem|Deg=Pos	_	miseram
nunc	nunc	ADV	Deg=Pos	_	nunc
me	ego	PROper	Case=Acc|Numb=Sing	_	me
proloqui	proloquor	VER	Mood=Inf|Tense=Pres|Voice=Pass	_	proloqui
Caelo	caelum1	NOMcom	Case=Dat|Numb=Sing	1	Caelo
atque	atque1	CONcoo	MORPH=empty	1	atque
terræ	terra	NOMcom	Case=Gen|Numb=Sing	_	terrae
Medeai	medea	NOMcom	Case=Gen|Numb=Sing	_	Medeai
miserias	miseria	NOMcom	Case=Acc|Numb=Plur	_	miserias
.	.	PUNC	MORPH=empty	_	--IGN.--
Jason	iason	NOMpro	Case=Nom|Numb=Sing	_	Iason
Tu	tu	PROper	Case=Nom|Numb=Sing	_	Tu
me	ego	PROper	Case=Acc|Numb=Sing	_	me
amoris	amor	NOMcom	Case=Gen|Numb=Sing	_	amoris
magis	magis2	ADV	Deg=Comp	2	magis
quam	quam1	ADVrel	MORPH=empty	1	quam
honoris	honor	NOMcom	Case=Gen|Numb=Sing	_	honoris
servavisti	seruo	VER	Numb=Sing|Mood=Ind|Tense=Perf|Voice=Act|Person=2	_	seruauisti
gratia	gratia	NOMcom	Case=Abl|Numb=Sing	_	gratia
Médée	medies	NOMcom	Numb=Sing	_	Medee
nam	nam	CONcoo	MORPH=empty	_	nam
ter	ter	ADJadv.mul	MORPH=empty	_	ter
sub	sub	PRE	MORPH=empty	_	sub
armis	arma	NOMcom	Case=Abl|Numb=Plur	_	armis
malim	malo	VER	Numb=Sing|Mood=Sub|Tense=Pres|Voice=Act|Person=1	3	malim
vitam	uita	NOMcom	Case=Acc|Numb=Sing	_	uitam
cernere	cerno	VER	Mood=Inf|Tense=Pres|Voice=Act	_	cernere
,	,	PUNC	MORPH=empty	_	--IGN.--
quam	quam1	ADVrel	MORPH=empty	1	quam
semel	semel	ADJadv.mul	MORPH=empty	_	semel
modo	modo1	ADV	Deg=Pos	1	modo
parere	pareo	VER	Mood=Inf|Tense=Pres|Voice=Act	_	parere
.	.	PUNC	MORPH=empty	_	--IGN.--
asta	asto	VER	Numb=Sing|Mood=Imp|Tense=Pres|Voice=Act|Person=2	_	asta
atque	atque1	CONcoo	MORPH=empty	1	atque
Athenas	athena	NOMcom	Case=Acc|Numb=Plur	_	Athenas
anticum	antiquus	ADJqua	Case=Acc|Numb=Sing|Gend=MascNeut|Deg=Pos	2	anticum
opulentum	opulentus	ADJqua	Case=Acc|Numb=Sing|Gend=MascNeut|Deg=Pos	_	opulentum
oppidum	oppidum	NOMcom	Case=Acc|Numb=Sing	_	oppidum
contempla	contemplo	VER	Numb=Plur|Mood=Imp|Tense=Pres|Voice=Act|Person=2	_	contempla
et	et2	CONcoo	MORPH=empty	2	et
templum	templum	NOMcom	Case=Acc|Numb=Sing	_	templum
Cereris	ceres	NOMcom	Case=Gen|Numb=Sing	2	Cereris
ad	ad2	PRE	MORPH=empty	2	ad
lævam	laeua?	NOMcom	Case=Acc|Numb=Sing	_	laeuam
aspice	aspicio	VER	Numb=Sing|Mood=Imp|Tense=Pres|Voice=Act|Person=2	_	aspice
Iuppiter	iuppiter	NOMcom	Case=Voc|Numb=Sing	_	Iuppiter
tuque	tu	PROper	Case=Voc|Numb=Sing	_	tuque
{tuque}	que	CON	MORPH=empty	_	tuque
adeo	adeo2	ADV	Deg=Pos	2	adeo
summe	superus	ADJqua	Case=Voc|Numb=Sing|Gend=Masc|Deg=Sup	_	summe
Sol	sol	NOMcom	Case=Voc|Numb=Sing	_	Sol
qui	qui1	PROrel	Case=Nom|Numb=Sing|Gend=Masc	1	qui
omnis	omnis	PROind	Case=Acc|Numb=Sing|Gend=MascFem	_	omnis
inspicis	inspicio	VER	Numb=Sing|Mood=Ind|Tense=Pres|Voice=Act|Person=2	_	inspicis
,	,	PUNC	MORPH=empty	_	--IGN.--
quique	qui	PROrel	Case=Nom|Numb=Sing|Gend=Masc	1	quique
{quique}	que	CON	MORPH=empty	_	quique
lumine	lumen	NOMcom	Case=Abl|Numb=Sing	_	lumine
tuo	tuus	PROpos	Case=Abl|Numb=Sing|Gend=MascNeut	_	tuo
mare	mare	NOMcom	Case=Acc|Numb=Sing	_	mare
terram	terra	NOMcom	Case=Acc|Numb=Sing	_	terram
cælum	caelum1	NOMcom	Case=Acc|Numb=Sing	1	caelum
contines	contineo	VER	Numb=Sing|Mood=Ind|Tense=Pres|Voice=Act|Person=2	_	contines
,	,	PUNC	MORPH=empty	_	--IGN.--
inspice	inspicio	VER	Numb=Sing|Mood=Imp|Tense=Pres|Voice=Act|Person=2	_	inspice
hoc	hic1	PROdem	Case=Nom|Numb=Sing|Gend=Neut	1	hoc
facinus	facinus	NOMcom	Case=Acc|Numb=Sing	_	facinus
,	,	PUNC	MORPH=empty	_	--IGN.--
prius	prius	ADJadv.ord	Deg=Comp	_	prius
quam	quam2	ADVint	MORPH=empty	1	quam
fiat	fio	VER	Numb=Sing|Mood=Sub|Tense=Pres|Voice=Act|Person=3	_	fiat
:	:	PUNC	MORPH=empty	_	--IGN.--
prohibessis	prohibeo	VER	Numb=Sing|Mood=Ind|Tense=Pres|Voice=Act|Person=2	_	prohibessis
scelus	scelus	NOMcom	Case=Acc|Numb=Sing	_	scelus
.	.	PUNC	MORPH=empty	_	--IGN.--
antiqua	antiquus	ADJqua	Case=Nom|Numb=Sing|Gend=Fem|Deg=Pos	_	antiqua
erilis	herilis	ADJqua	Case=Gen|Numb=Sing|Gend=MascFem|Deg=Pos	_	erilis
fida	fidus	ADJqua	Case=Nom|Numb=Sing|Gend=Fem|Deg=Pos	_	fida
custos	custos	NOMcom	Case=Nom|Numb=Sing	_	custos
corporis	corpus	NOMcom	Case=Gen|Numb=Sing	_	corporis
quid	quis1	PROint	Case=Acc|Numb=Sing|Gend=Neut	1	quid
sic	sic	ADV	Deg=Pos	_	sic
te	tu	PROper	Case=Acc|Numb=Sing	_	te
extra	extra2	PRE	MORPH=empty	2	extra
ædis	aedes	NOMcom	Case=Acc|Numb=Plur	_	aedis
exanimatam	exanimo	VER	Case=Acc|Numb=Sing|Gend=Fem|Mood=Par|Tense=Perf|Voice=Pass	_	exanimatam
eliminas	elimino	VER	Numb=Sing|Mood=Ind|Tense=Pres|Voice=Act|Person=2	_	eliminas
?	?	PUNC	MORPH=empty	_	--IGN.--
.	.	PUNC	MORPH=empty	_	--IGN.--
.	.	PUNC	MORPH=empty	_	--IGN.--
.	.	PUNC	MORPH=empty	_	--IGN.--
saluete	salueo	VER	Numb=Plur|Mood=Imp|Tense=Pres|Voice=Act|Person=2	_	saluete
,	,	PUNC	MORPH=empty	_	--IGN.--
optima	bonus	ADJqua	Case=Voc|Numb=Plur|Gend=Neut|Deg=Sup	_	optima
corpora	corpus	NOMcom	Case=Acc|Numb=Plur	_	corpora
,	,	PUNC	MORPH=empty	_	--IGN.--
cette	ceto	VER	Numb=Sing|Person=2	_	cette
manus	manus1	NOMcom	Case=Acc|Numb=Plur	1	manus
vestras	uester	PROpos	Case=Acc|Numb=Plur|Gend=Fem	_	uestras
measque	meus	PROpos	Case=Acc|Numb=Plur|Gend=Fem	_	measque
{measque}	que	CON	MORPH=empty	_	measque
accipite	accipio	VER	Numb=Plur|Mood=Imp|Tense=Pres|Voice=Act|Person=2	_	accipite
sol	sol	NOMcom	Case=Nom|Numb=Sing	_	sol
,	,	PUNC	MORPH=empty	_	--IGN.--
qui	qui1	PROrel	Case=Nom|Numb=Sing|Gend=Masc	1	qui
candentem	candens	ADJqua	Case=Acc|Numb=Sing|Gend=MascFem|Deg=Pos|Mood=Par|Tense=Pres|Voice=Act	_	candentem
in	in	PRE	MORPH=empty	_	in
cælo	caelum1	NOMcom	Case=Abl|Numb=Sing	1	caelo
sublimat	sublimo	VER	Numb=Sing|Mood=Ind|Tense=Pres|Voice=Act|Person=3	_	sublimat
facem	fax	NOMcom	Case=Acc|Numb=Sing	_	facem
utinam	utinam	ADV	Deg=Pos	_	utinam
ne	ne4	CONsub	MORPH=empty	4	ne
umquam	umquam	ADV	Deg=Pos	_	umquam
,	,	PUNC	MORPH=empty	_	--IGN.--
Medea	medea	NOMcom	Case=Abl|Numb=Sing	_	Medea
Colchis	colchis	NOMcom	Case=Abl|Numb=Sing	_	Colchis
,	,	PUNC	MORPH=empty	_	--IGN.--
cupido	cupidus	ADJqua	Case=Abl|Numb=Sing|Gend=MascNeut|Deg=Pos	_	cupido
corde	cor	NOMcom	Case=Abl|Numb=Sing	_	corde
pedem	pes	NOMcom	Case=Acc|Numb=Sing	_	pedem
extulisses	effero2	VER	Numb=Sing|Mood=Sub|Tense=Pqp|Voice=Act|Person=2	2	extulisses
.	.	PUNC	MORPH=empty	_	--IGN.--
.	.	PUNC	MORPH=empty	_	--IGN.--
.	.	PUNC	MORPH=empty	_	--IGN.--
fructus	fructus	NOMcom	Case=Nom|Numb=Plur	_	fructus
verborum	uerbum	NOMcom	Case=Gen|Numb=Plur	_	uerborum
aures	auris	NOMcom	Case=Nom|Numb=Plur	_	aures
aucupant	aucupo	VER	Numb=Plur|Mood=Ind|Tense=Pres|Voice=Act|Person=3	_	aucupant
Sed	sed	CONcoo	MORPH=empty	_	Sed
virum	uir	NOMcom	Case=Acc|Numb=Sing	_	uirum
vera	uerus	ADJqua	Case=Abl|Numb=Sing|Gend=Fem|Deg=Pos	_	uera
virtute	uirtus	NOMcom	Case=Abl|Numb=Sing	_	uirtute
vivere	uiuo	VER	Mood=Inf|Tense=Pres|Voice=Act	_	uiuere
animatum	animatus	NOMcom	Case=Acc|Numb=Sing	_	animatum
addecet	addecet	VER	Numb=Sing|Mood=Ind|Tense=Pres|Voice=Act|Person=3	_	addecet
,	,	PUNC	MORPH=empty	_	--IGN.--
Fortiterque	fortiter	ADV	Deg=Pos	_	Fortiterque
{Fortiterque}	que	CON	MORPH=empty	_	Fortiterque
,	,	PUNC	MORPH=empty	_	--IGN.--
innoxium	innoxius	ADJqua	Case=Acc|Numb=Sing|Gend=Neut|Deg=Pos	_	innoxium
astare	asto	VER	Mood=Inf|Tense=Pres|Voice=Act	_	astare
adversum	aduersus3	PRE	MORPH=empty	3	aduersum
adversarios	aduersarius1	NOMcom	Case=Acc|Numb=Plur	1	aduersarios
.	.	PUNC	MORPH=empty	_	--IGN.--
Ea	is	PROdem	Case=Nom|Numb=Sing|Gend=Fem	_	Ea
libertas	libertas	NOMcom	Case=Nom|Numb=Sing	_	libertas
est	sum1	VER	Numb=Sing|Mood=Ind|Tense=Pres|Voice=Act|Person=3	1	est
qui	qui1	PROrel	Case=Nom|Numb=Sing|Gend=Masc	1	qui
pectus	pectus	NOMcom	Case=Nom|Numb=Sing	_	pectus
purum	purus	ADJqua	Case=Acc|Numb=Sing|Gend=MascNeut|Deg=Pos	_	purum
et	et2	CONcoo	MORPH=empty	2	et
firmum	firmus	ADJqua	Case=Acc|Numb=Sing|Gend=MascNeut|Deg=Pos	_	firmum
gestitat	gestito	VER	Numb=Sing|Mood=Ind|Tense=Pres|Voice=Act|Person=3	_	gestitat
;	;	PUNC	MORPH=empty	_	--IGN.--
Aliae	alius	PROind	Case=Nom|Numb=Plur|Gend=Fem	_	Aliae
res	res	NOMcom	Case=Nom|Numb=Plur	_	res
obnoxiosæ	obnoxiosus	ADJqua	Case=Gen|Numb=Sing|Gend=Fem|Deg=Pos	_	obnoxiosae
nocte	nox	NOMcom	Case=Abl|Numb=Sing|Deg=Pos	_	nocte
in	in	PRE	MORPH=empty	_	in
obscura	obscurus	ADJqua	Case=Abl|Numb=Plur|Gend=Neut|Deg=Pos	_	obscura
latent	lateo	VER	Numb=Plur|Mood=Ind|Tense=Pres|Voice=Act|Person=3	_	latent
.	.	PUNC	MORPH=empty	_	--IGN.--
quam	qui1	PROrel	Case=Acc|Numb=Sing|Gend=Fem	1	quam
tibi	tu	PROper	Case=Dat|Numb=Sing	_	tibi
ex	ex	PRE	MORPH=empty	_	ex
ore	os1	NOMcom	Case=Abl|Numb=Sing	1	ore
orationem	oratio	NOMcom	Case=Acc|Numb=Sing	_	orationem
duriter	duriter	ADV	Deg=Pos	_	duriter
dictis	dictum	NOMcom	Case=Dat|Numb=Plur	_	dictis
dedit	do	VER	Numb=Sing|Mood=Ind|Tense=Perf|Voice=Act|Person=3	_	dedit
stultus	stultus	ADJqua	Case=Nom|Numb=Sing|Gend=Masc|Deg=Pos	_	stultus
est	sum1	VER	Numb=Sing|Mood=Ind|Tense=Pres|Voice=Act|Person=3	1	est
qui	qui1	PROrel	Case=Nom|Numb=Sing|Gend=Masc	1	qui
cupida	cupidus	ADJqua	Case=Acc|Numb=Sing|Gend=Neut|Deg=Pos	_	cupida
cupiens	cupio	VER	Case=Nom|Numb=Sing|Gend=Com|Mood=Par|Tense=Pres|Voice=Act	_	cupiens
cupienter	cupienter	ADV	Deg=Pos	_	cupienter
cupit	cupio	VER	Numb=Sing|Mood=Ind|Tense=Pres|Voice=Act|Person=3	_	cupit
.	.	PUNC	MORPH=empty	_	--IGN.--
tum	tum	ADV	Deg=Pos	_	tum
tu	tu	PROper	Case=Nom|Numb=Sing	_	tu
isti	iste	PROdem	Case=Dat|Numb=Sing|Gend=Com	_	isti
credere	credo	VER	Mood=Inf|Tense=Pres|Voice=Act	_	credere
atque	atque1	CONcoo	MORPH=empty	1	atque
exerce	exerceo	VER	Numb=Sing|Mood=Imp|Tense=Pres|Voice=Act|Person=2	_	exerce
linguam	lingua	NOMcom	Case=Acc|Numb=Sing	_	linguam
ut	ut4	CONsub	MORPH=empty	4	ut
argutarier	argutor	VER	Mood=Inf|Tense=Pres|Voice=Pass	_	argutarier
possis	possum1	VER	Numb=Sing|Mood=Sub|Tense=Pres|Voice=Act|Person=2	1	possis
.	.	PUNC	MORPH=empty	_	--IGN.--
plus	multum2	ADV	Numb=Sing|Gend=Neut|Deg=Comp	_	plus
miser	miser	ADJqua	Case=Nom|Numb=Sing|Gend=Masc|Deg=Pos	_	miser
sim	sum1	VER	Numb=Sing|Mood=Sub|Tense=Pres|Voice=Act|Person=1	1	sim
,	,	PUNC	MORPH=empty	_	--IGN.--
si	si2	CONsub	MORPH=empty	2	si
scelestum	scelestus	ADJqua	Case=Acc|Numb=Sing|Gend=Neut|Deg=Pos	_	scelestum
faxim	facio	VER	Numb=Sing|Mood=Sub|Tense=Pres|Voice=Act|Person=1	_	faxim
quod	qui1	PROrel	Case=Acc|Numb=Sing|Gend=Neut	1	quod
dicam	dico2	VER	Numb=Sing|Mood=Sub|Tense=Pres|Voice=Act|Person=1	2	dicam
fore	sum1	VER	Mood=Par|Tense=Fut|Voice=Act	1	fore
saeviter	saeuiter	ADV	Deg=Pos	_	saeuiter
suspicionem	suspicio1	NOMcom	Case=Acc|Numb=Sing	1	suspicionem
ferre	fero	VER	Mood=Inf|Tense=Pres|Voice=Act	_	ferre
falsam	falsus	ADJqua	Case=Acc|Numb=Sing|Gend=Fem|Deg=Pos	_	falsam
futtilum	futtilum	NOMcom	Case=Acc|Numb=Sing	_	futtilum
est	sum1	VER	Numb=Sing|Mood=Ind|Tense=Pres|Voice=Act|Person=3	1	est
Ut	ut4	CONsub	MORPH=empty	4	Ut
quod	qui1	PROrel	Case=Nom|Numb=Sing|Gend=Neut	1	quod
factum	facio	VER	Case=Nom|Numb=Sing|Gend=Neut|Mood=Par|Tense=Perf|Voice=Pass	_	factum
est	sum1	VER	Numb=Sing|Mood=Ind|Tense=Pres|Voice=Act|Person=3	1	est
futtile	futtilis	ADJqua	Case=Nom|Numb=Sing|Gend=Neut|Deg=Pos	_	futtile
,	,	PUNC	MORPH=empty	_	--IGN.--
amici	amicus1	NOMcom	Case=Nom|Numb=Sing	1	amici
,	,	PUNC	MORPH=empty	_	--IGN.--
vos	uos	PROper	Case=Nom|Numb=Plur	_	uos
feratis	fero	VER	Numb=Plur|Mood=Sub|Tense=Pres|Voice=Act|Person=2	_	feratis
Ibi	ibi	ADV	Deg=Pos	_	Ibi
tum	tum	ADV	Deg=Pos	_	tum
derepente	derepente	NOMcom	Case=Abl|Numb=Sing	_	derepente
ex	ex	PRE	MORPH=empty	_	ex
alto	altum	ADJqua	Case=Abl|Numb=Sing|Gend=MascNeut|Deg=Pos	_	alto
in	in	PRE	MORPH=empty	_	in
altum	altus	ADJqua	Case=Acc|Numb=Sing|Deg=Pos	_	altum
despexit	despicio	VER	Numb=Sing|Mood=Ind|Tense=Perf|Voice=Act|Person=3	_	despexit
mare	mare	NOMcom	Case=Acc|Numb=Sing	_	mare
.	.	PUNC	MORPH=empty	_	--IGN.--
Nam	nam	CONcoo	MORPH=empty	_	Nam
si	si2	CONsub	MORPH=empty	2	si
curent	curo	VER	Numb=Plur|Mood=Sub|Tense=Pres|Voice=Act|Person=3	_	curent
bene	bene	ADV	Deg=Pos	_	bene
bonis	bonus	ADJqua	Case=Dat|Numb=Plur|Gend=Com|Deg=Pos	_	bonis
sit	sum1	VER	Numb=Sing|Mood=Sub|Tense=Pres|Voice=Act|Person=3	1	sit
,	,	PUNC	MORPH=empty	_	--IGN.--
male	male	ADV	Deg=Pos	_	male
malis	mali	NOMcom	Case=Dat|Numb=Plur	1	malis
;	;	PUNC	MORPH=empty	_	--IGN.--
quod	qui1	PROrel	Case=Nom|Numb=Sing|Gend=Neut	1	quod
nunc	nunc	ADV	Deg=Pos	_	nunc
abest	absum1	VER	Numb=Sing|Mood=Ind|Tense=Pres|Voice=Act|Person=3	1	abest
aut	aut	CONcoo	MORPH=empty	_	aut
inertes	iners	ADJqua	Case=Nom|Numb=Plur|Gend=MascFem|Deg=Pos	_	inertes
aut	aut	CONcoo	MORPH=empty	_	aut
insani	insanus	ADJqua	Case=Nom|Numb=Plur|Gend=Masc|Deg=Pos	_	insani
aut	aut	CONcoo	MORPH=empty	_	aut
quibus	qui1	PROrel	Case=Dat|Numb=Plur|Gend=Com	1	quibus
egestas	egestas	NOMcom	Case=Nom|Numb=Sing	_	egestas
imperat	impero	VER	Numb=Sing|Mood=Ind|Tense=Pres|Voice=Act|Person=3	_	imperat
,	,	PUNC	MORPH=empty	_	--IGN.--
qui	qui1	PROrel	Case=Nom|Numb=Plur|Gend=Masc	1	qui
sibi	sui1	PROref	Case=Dat|Numb=Sing	1	sibi
semitam	semita	NOMcom	Case=Acc|Numb=Sing	_	semitam
non	non	ADVneg	MORPH=empty	_	non
sapiunt	sapio	VER	Numb=Plur|Mood=Ind|Tense=Pres|Voice=Act|Person=3	_	sapiunt
,	,	PUNC	MORPH=empty	_	--IGN.--
alteri	alter	PROind	Case=Dat|Numb=Plur|Gend=Masc	_	alteri
monstrant	monstro	VER	Numb=Plur|Mood=Ind|Tense=Pres|Voice=Act|Person=3	_	monstrant
viam	uia	NOMcom	Case=Acc|Numb=Sing	_	uiam
;	;	PUNC	MORPH=empty	_	--IGN.--
quibus	qui1	PROrel	Case=Abl|Numb=Plur|Gend=Com	1	quibus
divitias	diuitiae	NOMcom	Case=Acc|Numb=Plur	_	diuitias
pollicentur	polliceor	VER	Numb=Plur|Mood=Ind|Tense=Pres|Voice=Pass|Person=3	_	pollicentur
,	,	PUNC	MORPH=empty	_	--IGN.--
ab	ab	PRE	MORPH=empty	_	ab
iis	is	PROdem	Case=Abl|Numb=Plur|Gend=Com	_	iis
drachumam	drachmum	NOMcom	Case=Acc|Numb=Sing	_	drachumam
ipsi	ipse	PROdem	Case=Nom|Numb=Plur|Gend=Masc	_	ipsi
petunt	peto	VER	Numb=Plur|Mood=Ind|Tense=Pres|Voice=Act|Person=3	_	petunt
.	.	PUNC	MORPH=empty	_	--IGN.--
De	de	PRE	MORPH=empty	_	De
his	hic1	PROdem	Case=Abl|Numb=Plur|Gend=Com	1	his
divitiis	diuitiae	NOMcom	Case=Abl|Numb=Plur	_	diuitiis
,	,	PUNC	MORPH=empty	_	--IGN.--
sibi	sui1	PROref	Case=Dat|Numb=Sing	1	sibi
deducant	deduco	VER	Numb=Plur|Mood=Sub|Tense=Pres|Voice=Act|Person=3	_	deducant
drachumam	drachmuma	NOMcom	Case=Acc|Numb=Sing	_	drachumam
,	,	PUNC	MORPH=empty	_	--IGN.--
red	res	NOMcom	Case=Nom|Numb=Sing	_	red
-	-	PUNC	MORPH=empty	_	--IGN.--
dant	do	VER	Numb=Plur|Mood=Ind|Tense=Pres|Voice=Act|Person=3	_	dant
cetera	cetera1	NOMcom	Case=Acc|Numb=Plur	1	cetera
.	.	PUNC	MORPH=empty	_	--IGN.--
Ego	ego	PROper	Case=Nom|Numb=Sing	_	Ego
deum	deus	NOMcom	Case=Acc|Numb=Sing	_	deum
genus	genus1	NOMcom	Case=Acc|Numb=Sing	1	genus
esse	sum1	VER	Mood=Inf|Tense=Pres|Voice=Act	1	esse
semper	semper	ADV	Deg=Pos	_	semper
dixi	dico2	VER	Numb=Sing|Mood=Ind|Tense=Perf|Voice=Act|Person=1	2	dixi
et	et2	CONcoo	MORPH=empty	2	et
di	deus	NOMcom	Case=Nom|Numb=Plur	_	di
cam	cam	NOMcom	Case=Acc|Numb=Sing	_	cam
cælitum	caeles1	NOMcom	Case=Gen|Numb=Plur	1	caelitum
,	,	PUNC	MORPH=empty	_	--IGN.--
sed	sed	CONcoo	MORPH=empty	_	sed
eos	is	PROdem	Case=Acc|Numb=Plur|Gend=Masc	_	eos
non	non	ADVneg	MORPH=empty	_	non
curare	curo	VER	Mood=Inf|Tense=Pres|Voice=Act	_	curare
opinor	opinor	VER	Numb=Sing|Mood=Ind|Tense=Pres|Voice=Dep|Person=1	_	opinor
,	,	PUNC	MORPH=empty	_	--IGN.--
quid	quis1	PROint	Case=Acc|Numb=Sing|Gend=Neut	1	quid
agat	ago	VER	Numb=Sing|Mood=Sub|Tense=Pres|Voice=Act|Person=3	_	agat
humanum	humanus	ADJqua	Case=Acc|Numb=Sing|Gend=Neut|Deg=Pos	_	humanum
genus	genus1	NOMcom	Case=Acc|Numb=Sing	1	genus
Scibas	scio	NOMcom	Numb=Sing|Mood=Sub|Tense=Pres|Voice=Act|Person=2	_	Scibas
natum	natus2	ADJqua	Case=Acc|Numb=Sing|Gend=MascNeut	_	natum
ingenuum	ingenuus	ADJqua	Case=Acc|Numb=Sing|Gend=MascNeut|Deg=Pos	_	ingenuum
Aiacem	aiax	NOMcom	Case=Acc|Numb=Sing	_	Aiacem
,	,	PUNC	MORPH=empty	_	--IGN.--
cui	qui1	PROrel	Case=Dat|Numb=Sing|Gend=Com	1	cui
tu	tu	PROper	Case=Nom|Numb=Sing	_	tu
obsidionem	obsidio	NOMcom	Case=Acc|Numb=Sing	_	obsidionem
paras	paro2	VER	Numb=Sing|Mood=Ind|Tense=Pres|Voice=Act|Person=2	2	paras
.	.	PUNC	MORPH=empty	_	--IGN.--
Abnuebunt	abnuo	VER	Numb=Plur|Mood=Ind|Tense=Fut|Voice=Act|Person=3	_	Abnuebunt
nam	nam	CONcoo	MORPH=empty	_	nam
ita	ita	ADV	Deg=Pos	_	ita
mihi	ego	PROper	Case=Dat|Numb=Sing	_	mihi
Telamonis	telamon	NOMcom	Case=Gen|Numb=Sing	_	Telamonis
patris	pater	NOMcom	Case=Gen|Numb=Sing	_	patris
,	,	PUNC	MORPH=empty	_	--IGN.--
avi	auus	NOMcom	Case=Gen|Numb=Sing	_	aui
aeaci	Aeacus	ADJqua	Case=Gen|Numb=Sing|Deg=Pos	_	aeaci
et	et2	CONcoo	MORPH=empty	2	et
proavi	proauus	NOMcom	Case=Gen|Numb=Sing	_	proaui
Iovis	Iuppiter	NOMpro	Case=Gen|Numb=Sing	_	Iouis
gratia	gratia	NOMcom	Case=Nom|Numb=Sing	_	gratia
†	†	PUNC	MORPH=empty	_	--IGN.--
ea	is	PROdem	Case=Nom|Numb=Sing|Gend=Fem	_	ea
est	sum1	VER	Numb=Sing|Mood=Ind|Tense=Pres|Voice=Act|Person=3	1	est
†	†	PUNC	MORPH=empty	_	--IGN.--
atque	atque1	CONcoo	MORPH=empty	1	atque
hoc	hic1	PROdem	Case=Nom|Numb=Sing|Gend=Neut	1	hoc
lumen	lumen	NOMcom	Case=Nom|Numb=Sing	_	lumen
candidum	candidus	ADJqua	Case=Acc|Numb=Sing|Gend=MascNeut|Deg=Pos	_	candidum
claret	clareo	VER	Numb=Sing|Mood=Sub|Tense=Pres|Voice=Act|Person=3	_	claret
mihi	ego	PROper	Case=Dat|Numb=Sing	_	mihi
deum	deus	NOMcom	Case=Acc|Numb=Sing	_	deum
me	ego	PROper	Case=Acc|Numb=Sing	_	me
sentit	sentio	VER	Numb=Sing|Mood=Ind|Tense=Pres|Voice=Act|Person=3	_	sentit
facere	facio	VER	Mood=Inf|Tense=Pres|Voice=Act	_	facere
pietas	pietas	NOMcom	Case=Nom|Numb=Sing	_	pietas
,	,	PUNC	MORPH=empty	_	--IGN.--
civium	ciuis	NOMcom	Case=Gen|Numb=Plur	_	ciuium
porcet	porco	VER	Numb=Sing|Mood=Ind|Tense=Fut|Voice=Act|Person=3	_	porcet
pudor	pudor	NOMcom	Case=Nom|Numb=Sing	_	pudor
strata	sterno	VER	Case=Nom|Numb=Sing|Gend=Fem|Mood=Par|Tense=Perf|Voice=Pass	_	strata
terrae	terra	NOMcom	Case=Gen|Numb=Sing	_	terrae
lavere	lauo2	VER	Mood=Inf|Tense=Pres|Voice=Act	2	lauere
lacrimis	lacrima	NOMcom	Case=Abl|Numb=Plur	_	lacrimis
vestem	uestis	NOMcom	Case=Acc|Numb=Sing	_	uestem
squalam	squala	NOMcom	Case=Acc|Numb=Sing	_	squalam
et	et2	CONcoo	MORPH=empty	2	et
sordidam	sordidus	ADJqua	Case=Acc|Numb=Sing|Gend=Fem|Deg=Pos	_	sordidam
eandem	idem	PROdem	Case=Acc|Numb=Sing|Gend=Fem	_	eandem
me	ego	PROper	Case=Acc|Numb=Sing	_	me
in	in	PRE	MORPH=empty	_	in
suspicionem	suspicio1	NOMcom	Case=Acc|Numb=Sing	1	suspicionem
sceleris	scelus	NOMcom	Case=Gen|Numb=Sing	_	sceleris
partivit	partio2	VER	Numb=Sing|Mood=Ind|Tense=Perf|Voice=Act|Person=3	_	partiuit
pater	pater	NOMcom	Case=Nom|Numb=Sing	_	pater
More	mos	NOMcom	Case=Abl|Numb=Sing	_	More
antiquo	antiquus	ADJqua	Case=Abl|Numb=Sing|Gend=MascNeut|Deg=Pos	_	antiquo
audibo	audio	VER	Numb=Sing|Mood=Ind|Tense=Fut|Voice=Act|Person=1	_	audibo
atque	atque1	CONcoo	MORPH=empty	1	atque
auris	auris	NOMcom	Case=Acc|Numb=Plur	_	auris
tibi	tu	PROper	Case=Dat|Numb=Sing	_	tibi
contra	contra2	PRE	MORPH=empty	2	contra
utendas	utor	VER	Case=Acc|Numb=Plur|Gend=Fem|Mood=Adj|Voice=Dep	_	utendas
dabo	do	VER	Numb=Sing|Mood=Ind|Tense=Fut|Voice=Act|Person=1	_	dabo
.	.	PUNC	MORPH=empty	_	--IGN.--
Thyeste	thyestes	ADJqua	Case=Abl|Numb=Sing	_	Thyeste
ipse	ipse	PROdem	Case=Nom|Numb=Sing|Gend=Masc	_	ipse
summis	superus	ADJqua	Case=Abl|Numb=Plur|Gend=Com|Deg=Sup	_	summis
saxis	saxum	NOMcom	Case=Abl|Numb=Plur	_	saxis
fixus	figo	VER	Case=Nom|Numb=Sing|Gend=Masc|Mood=Par|Tense=Perf|Voice=Pass	_	fixus
asperis	asper	ADJqua	Case=Abl|Numb=Plur|Gend=Com|Deg=Pos	_	asperis
,	,	PUNC	MORPH=empty	_	--IGN.--
evisceratus	euiscero	VER	Case=Nom|Numb=Sing|Gend=Masc|Mood=Par|Tense=Perf|Voice=Pass	_	euisceratus
,	,	PUNC	MORPH=empty	_	--IGN.--
latere	latus1	NOMcom	Case=Abl|Numb=Sing	1	latere
pendens	pendeo	VER	Case=Nom|Numb=Sing|Gend=Com|Mood=Par|Tense=Pres|Voice=Act	_	pendens
,	,	PUNC	MORPH=empty	_	--IGN.--
saxa	saxum	NOMcom	Case=Acc|Numb=Plur	_	saxa
spargens	spargo2	VER	Case=Nom|Numb=Sing|Gend=Com|Mood=Par|Tense=Pres|Voice=Act	2	spargens
tabo	tabum	NOMcom	Case=Abl|Numb=Sing	_	tabo
,	,	PUNC	MORPH=empty	_	--IGN.--
sanie	sanies	NOMcom	Case=Abl|Numb=Sing	_	sanie
et	et2	CONcoo	MORPH=empty	2	et
sanguine	sanguis	NOMcom	Case=Abl|Numb=Sing	_	sanguine
atro	ater	ADJqua	Case=Abl|Numb=Sing|Gend=MascNeut|Deg=Pos	_	atro
,	,	PUNC	MORPH=empty	_	--IGN.--
{	{	PUNC	MORPH=empty	_	--IGN.--
.	.	PUNC	MORPH=empty	_	--IGN.--
.	.	PUNC	MORPH=empty	_	--IGN.--
.	.	PUNC	MORPH=empty	_	--IGN.--
}	}	PUNC	MORPH=empty	_	--IGN.--
neque	neque	CONcoo	MORPH=empty	_	neque
sepulcrum	sepulcrum	NOMcom	Case=Acc|Numb=Sing	_	sepulcrum
quo	quo1	PROrel	Case=Abl|Numb=Sing	1	quo
recipiat	recipio	VER	Numb=Sing|Mood=Sub|Tense=Pres|Voice=Act|Person=3	_	recipiat
,	,	PUNC	MORPH=empty	_	--IGN.--
habeat	habeo	VER	Numb=Sing|Mood=Sub|Tense=Pres|Voice=Act|Person=3	_	habeat
portum	portus	NOMcom	Case=Acc|Numb=Sing	_	portum
corporis	corpus	NOMcom	Case=Gen|Numb=Sing	_	corporis
,	,	PUNC	MORPH=empty	_	--IGN.--
ubi	ubi3	CONsub	MORPH=empty	3	ubi
remissa	remitto	VER	Case=Nom|Numb=Sing|Gend=Fem|Mood=Par|Tense=Perf|Voice=Pass	_	remissa
humana	humanus	ADJqua	Case=Nom|Numb=Sing|Gend=Fem|Deg=Pos	_	humana
vita	uita	NOMcom	Case=Nom|Numb=Sing	_	uita
corpus	corpus	NOMcom	Case=Nom|Numb=Sing	_	corpus
requiescat	requiesco	VER	Numb=Sing|Mood=Sub|Tense=Pres|Voice=Act|Person=3	_	requiescat
malis	mala	NOMcom	Case=Dat|Numb=Plur	1	malis
.	.	PUNC	MORPH=empty	_	--IGN.--
quemnam	quisnam	PROint	Case=Acc|Numb=Sing|Gend=Masc	_	quemnam
te	tu	PROper	Case=Acc|Numb=Sing	_	te
esse	sum1	VER	Mood=Inf|Tense=Pres|Voice=Act	1	esse
dicam	dico2	VER	Numb=Sing|Mood=Ind|Tense=Fut|Voice=Act|Person=1	2	dicam
,	,	PUNC	MORPH=empty	_	--IGN.--
qui	qui1	PROrel	Case=Nom|Numb=Sing|Gend=Masc	1	qui
tarda	tardus	ADJqua	Case=Abl|Numb=Sing|Gend=Fem|Deg=Pos	_	tarda
in	in	PRE	MORPH=empty	_	in
senectute	senectus1	NOMcom	Case=Abl|Numb=Sing	1	senectute
aspice	aspicio	VER	Numb=Sing|Mood=Imp|Tense=Pres|Voice=Act|Person=2	_	aspice
hoc	hic1	PROdem	Case=Acc|Numb=Sing|Gend=Neut	1	hoc
sublime	sublimis	ADJqua	Numb=Sing|Gend=Neut|Deg=Pos	_	sublime
candens	candeo	VER	Case=Nom|Numb=Sing|Gend=Com|Mood=Par|Tense=Pres|Voice=Act	_	candens
quem	qui1	PROrel	Case=Acc|Numb=Sing|Gend=Masc	1	quem
vo	uos	NOMcom	Case=Abl|Numb=Sing	_	uo
-	-	PUNC	MORPH=empty	_	--IGN.--
cant	canto	VER	Numb=Sing|Mood=Ind|Tense=Pres|Voice=Act|Person=3	_	cant
omnes	omnis	PROind	Case=Nom|Numb=Plur|Gend=Masc	_	omnes
Iovem	iuppiter	NOMcom	Case=Acc|Numb=Sing	_	Iouem
Eheu	eheu	INJ	MORPH=empty	_	Eheu
!	!	PUNC	MORPH=empty	_	--IGN.--
mea	meus	PROpos	Case=Nom|Numb=Sing|Gend=Fem	_	mea
fortuna	fortuna	NOMcom	Case=Nom|Numb=Sing	_	fortuna
,	,	PUNC	MORPH=empty	_	--IGN.--
ut	ut4	CONsub	MORPH=empty	4	ut
omnia	omnis	PROind	Case=Acc|Numb=Plur|Gend=Neut	_	omnia
in	in	PRE	MORPH=empty	_	in
me	ego	PROper	Case=Abl|Numb=Sing	_	me
conglomeras	conglomo	VER	Numb=Sing|Mood=Ind|Tense=Pres|Voice=Act|Person=2	_	conglomeras
mala	malus3	ADJqua	Case=Acc|Numb=Plur	3	mala
set	sed	CONcoo	MORPH=empty	_	set
me	ego	PROper	Case=Acc|Numb=Sing	_	me
Apollo	apollo	NOMcom	Case=Nom|Numb=Sing	_	Apollo
ipsus	ipse	PROdem	Case=Nom|Numb=Sing|Gend=Masc	_	ipsus
delectat	delecto	VER	Numb=Sing|Mood=Ind|Tense=Pres|Voice=Act|Person=3	_	delectat
:	:	PUNC	MORPH=empty	_	--IGN.--
ductat	ducto	VER	Numb=Sing|Mood=Ind|Tense=Pres|Voice=Act|Person=3	_	ductat
Delphicus	delphicus	NOMcom	Case=Nom|Numb=Sing|Gend=Masc|Deg=Pos	_	Delphicus
sin	sin	CONsub	MORPH=empty	_	sin
flaccebunt	flacceo	VER	Numb=Plur|Mood=Ind|Tense=Fut|Voice=Act|Person=3	_	flaccebunt
conditiones	conditio	NOMcom	Case=Acc|Numb=Plur	_	conditiones
,	,	PUNC	MORPH=empty	_	--IGN.--
repudiato	repudio	VER	Case=Abl|Numb=Sing|Gend=MascNeut|Mood=Par|Tense=Perf|Voice=Pass	_	repudiato
et	et2	CONcoo	MORPH=empty	2	et
reddito	reddo	VER	Case=Abl|Numb=Sing|Gend=MascNeut|Mood=Par|Tense=Perf|Voice=Pass	_	reddito
sed	sed	CONcoo	MORPH=empty	_	sed
sonitus	sonitus	NOMcom	Case=Nom|Numb=Plur	_	sonitus
auris	auris	NOMcom	Case=Acc|Numb=Plur	_	auris
meas	meus	PROpos	Case=Acc|Numb=Plur|Gend=Fem	_	meas
pedum	pes	NOMcom	Case=Gen|Numb=Plur	_	pedum
pulsu	pulsus	NOMcom	Case=Abl|Numb=Sing	_	pulsu
increpat	increpo	VER	Numb=Sing|Mood=Ind|Tense=Pres|Voice=Act|Person=3	_	increpat
impetrem	impetro	VER	Numb=Sing|Mood=Sub|Tense=Pres|Voice=Act|Person=1	_	impetrem
facile	facile	ADV	Deg=Pos	_	facile
ab	ab	PRE	MORPH=empty	_	ab
animo	animus	NOMcom	Case=Abl|Numb=Sing	_	animo
ut	ut4	CONsub	MORPH=empty	4	ut
cernat	cerno	VER	Numb=Sing|Mood=Sub|Tense=Pres|Voice=Act|Person=3	_	cernat
vitalem	uitalis	ADJqua	Case=Acc|Numb=Sing|Gend=MascFem|Deg=Pos	_	uitalem
babium	babium	NOMcom	Case=Acc|Numb=Sing	_	babium
Quam	quam1	ADVrel	MORPH=empty	1	Quam
mihi	ego	PROper	Case=Dat|Numb=Sing	_	mihi
maximum	magnus	ADJqua	Case=Nom|Numb=Sing|Gend=Neut|Deg=Sup	_	maximum
hodie	hodie	ADV	Deg=Pos	_	hodie
hic	hic1	PROdem	Case=Nom|Numb=Sing|Gend=Masc	1	hic
contigerit	contingo1	VER	Numb=Sing|Mood=Ind|Tense=FutAnt|Voice=Act|Person=3	1	contigerit
malum	malus3	ADJqua	Case=Acc|Numb=Sing|Deg=Pos	3	malum
?	?	PUNC	MORPH=empty	_	--IGN.--
ibi	ibi	ADV	Deg=Pos	_	ibi
quid	quis1	PROint	Case=Acc|Numb=Sing|Gend=Neut	1	quid
agat	ago	VER	Numb=Sing|Mood=Sub|Tense=Pres|Voice=Act|Person=3	_	agat
secum	sui	PROref	Case=Abl|Numb=Sing	1	secum
{secum}	cum3	CON	MORPH=empty	_	secum
cogitat	cogito	VER	Numb=Sing|Mood=Ind|Tense=Pres|Voice=Act|Person=3	_	cogitat
:	:	PUNC	MORPH=empty	_	--IGN.--
parat	paro2	VER	Numb=Sing|Mood=Ind|Tense=Pres|Voice=Act|Person=3	2	parat
,	,	PUNC	MORPH=empty	_	--IGN.--
putat	puto	VER	Numb=Sing|Mood=Ind|Tense=Pres|Voice=Act|Person=3	_	putat
.	.	PUNC	MORPH=empty	_	--IGN.--